Date,Week,Month,Quarter,Panel_Size,Plant,Market_Segment,Forecasted_Demand,Planned_Production,Actual_Production,Max_Capacity,Capacity_Utilization,Production_Yield,Good_Units_Produced,Defective_Units,Beginning_Inventory,Actual_Sales,Ending_Inventory,Inventory_Turns,Unit_Selling_Price,Unit_Production_Cost,Unit_Margin,Revenue,Gross_Profit,Defect_Rate,On_Time_Delivery,Supply_Disruptions,Lead_Time_Days,Stockout_Risk
2023-01-08,1,1,1,32,Plant_TW_Taichung,TV,2394,2974,2974,3000,0.991,0.939,2794,180,402,2314,882,3.61,103.68,99.33,4.35,239941,10070,0.0606,0.91,0,23,0.0
2023-01-08,1,1,1,32,Plant_TW_Taichung,Monitor,1911,2108,2108,3000,0.703,0.966,2035,72,557,1927,666,3.15,137.79,96.63,41.16,265474,79305,0.0343,0.727,1,16,0.0
2023-01-08,1,1,1,32,Plant_TW_Taichung,Laptop,1161,1369,1369,3000,0.456,0.868,1189,180,358,1115,432,2.82,120.29,107.47,12.82,134104,14289,0.1317,0.901,0,18,0.0
2023-01-08,1,1,1,32,Plant_KR_Paju,TV,2161,2696,2696,3000,0.899,0.883,2381,315,430,2224,587,4.37,109.95,107.62,2.33,244526,5183,0.1169,0.881,0,24,0.0
2023-01-08,1,1,1,32,Plant_KR_Paju,Monitor,1883,2300,2300,3000,0.767,0.882,2029,271,639,1763,904,2.28,134.42,107.76,26.66,236988,47006,0.118,0.955,0,18,0.0
2023-01-08,1,1,1,32,Plant_KR_Paju,Laptop,1320,1503,1503,3000,0.501,0.891,1339,163,659,1337,661,2.03,125.06,106.64,18.42,167229,24632,0.1088,0.931,0,28,0.0
2023-01-08,1,1,1,32,Plant_CN_Hefei,TV,3293,4005,3000,3000,1.0,0.902,2706,294,755,3245,216,6.68,108.23,107.26,0.96,351206,3121,0.0978,0.956,0,28,0.0
2023-01-08,1,1,1,32,Plant_CN_Hefei,Monitor,1763,2158,2158,3000,0.719,0.885,1910,248,709,1842,778,2.48,133.41,109.32,24.09,245732,44367,0.1149,0.907,0,28,0.0
2023-01-08,1,1,1,32,Plant_CN_Hefei,Laptop,1150,1435,1435,3000,0.478,0.86,1234,201,771,1038,967,1.19,122.21,112.56,9.64,126794,10006,0.1403,0.951,0,26,0.0
2023-01-08,1,1,1,43,Plant_TW_Taichung,TV,1742,2010,2010,3000,0.67,0.938,1886,124,340,1807,419,4.76,167.67,117.8,49.87,302995,90120,0.0616,0.889,0,22,0.0
2023-01-08,1,1,1,43,Plant_TW_Taichung,Monitor,1359,1561,1561,3000,0.52,0.944,1474,87,774,1337,911,1.59,195.68,117.05,78.63,261699,105162,0.0556,0.956,0,20,0.0
2023-01-08,1,1,1,43,Plant_TW_Taichung,Laptop,1076,1308,1308,3000,0.436,0.961,1256,51,658,975,940,1.22,192.98,115.06,77.92,188097,75948,0.0393,0.92,0,18,0.0
2023-01-08,1,1,1,43,Plant_KR_Paju,TV,1536,1836,1836,3000,0.612,0.903,1657,179,521,1414,764,2.2,163.69,124.71,38.98,231506,55127,0.0972,0.898,0,28,0.0
2023-01-08,1,1,1,43,Plant_KR_Paju,Monitor,1099,1257,1257,3000,0.419,0.84,1056,201,385,1134,307,3.28,200.46,133.97,66.49,227402,75428,0.1596,0.889,0,27,0.0
2023-01-08,1,1,1,43,Plant_KR_Paju,Laptop,1060,1195,1195,3000,0.398,0.903,1079,116,647,1010,716,1.48,196.69,124.69,72.0,198744,72750,0.0971,0.938,0,24,0.0
2023-01-08,1,1,1,43,Plant_CN_Hefei,TV,2604,3200,3000,3000,1.0,0.909,2727,273,658,2408,977,2.94,162.55,126.1,36.45,391389,87770,0.0909,0.942,0,25,0.0
2023-01-08,1,1,1,43,Plant_CN_Hefei,Monitor,1512,1877,1877,3000,0.626,0.886,1664,213,532,1452,744,2.28,189.38,129.32,60.07,275055,87242,0.1136,0.902,0,22,0.0
2023-01-08,1,1,1,43,Plant_CN_Hefei,Laptop,1154,1321,1321,3000,0.44,0.819,1082,239,412,1211,283,3.48,184.59,139.91,44.68,223546,54112,0.1807,0.917,0,22,0.0
2023-01-08,1,1,1,55,Plant_TW_Taichung,TV,1531,1893,1893,3000,0.631,0.903,1709,184,471,1481,699,2.53,253.33,143.26,110.07,375180,163014,0.0972,0.887,0,23,0.0
2023-01-08,1,1,1,55,Plant_TW_Taichung,Monitor,1053,1273,1273,3000,0.424,0.907,1155,118,579,1022,712,1.58,322.89,142.54,180.35,329858,184246,0.0926,0.953,0,16,0.0
2023-01-08,1,1,1,55,Plant_TW_Taichung,Laptop,723,850,850,3000,0.283,0.944,802,48,551,724,629,1.23,279.79,137.05,142.74,202517,103319,0.0563,0.9,0,22,0.0
2023-01-08,1,1,1,55,Plant_KR_Paju,TV,1315,1583,1583,3000,0.528,0.913,1445,138,427,1286,586,2.54,260.51,144.29,116.22,334933,149428,0.0871,0.946,0,17,0.0
2023-01-08,1,1,1,55,Plant_KR_Paju,Monitor,1238,1525,1525,3000,0.508,0.924,1410,115,645,1297,758,1.85,308.51,142.5,166.02,400078,215288,0.0756,0.97,0,27,0.0
2023-01-08,1,1,1,55,Plant_KR_Paju,Laptop,774,953,953,3000,0.318,0.863,823,131,308,729,402,2.05,299.89,152.62,147.27,218508,107303,0.1369,0.957,0,21,0.0
2023-01-08,1,1,1,55,Plant_CN_Hefei,TV,2055,2458,2458,3000,0.819,0.887,2180,278,526,1964,742,3.1,263.09,151.24,111.85,516750,219688,0.1132,0.906,0,17,0.0
2023-01-08,1,1,1,55,Plant_CN_Hefei,Monitor,1286,1501,1501,3000,0.5,0.905,1359,142,744,1201,902,1.46,314.54,148.13,166.41,377696,199821,0.0946,0.909,0,19,0.0
2023-01-08,1,1,1,55,Plant_CN_Hefei,Laptop,875,1060,1060,3000,0.353,0.851,902,158,475,799,578,1.52,290.11,157.57,132.55,231936,105967,0.1488,0.902,0,21,0.0
2023-01-08,1,1,1,65,Plant_TW_Taichung,TV,1501,1761,1761,3000,0.587,0.953,1679,83,563,1493,748,2.28,416.94,152.12,264.82,622642,395476,0.0469,0.932,0,16,0.0
2023-01-08,1,1,1,65,Plant_TW_Taichung,Monitor,774,936,936,3000,0.312,0.888,831,105,519,752,598,1.35,484.09,163.3,320.79,363854,241113,0.1121,0.947,0,20,0.0
2023-01-08,1,1,1,65,Plant_TW_Taichung,Laptop,738,859,859,3000,0.286,0.934,803,56,480,727,555,1.41,495.2,155.16,340.04,360250,247375,0.0655,0.681,1,22,0.0
2023-01-08,1,1,1,65,Plant_KR_Paju,TV,1029,1207,1207,3000,0.402,0.86,1038,169,353,1034,357,2.91,407.84,171.76,236.07,421505,243985,0.1402,0.935,0,21,0.0
2023-01-08,1,1,1,65,Plant_KR_Paju,Monitor,749,852,852,3000,0.284,0.851,726,127,789,773,742,1.01,506.92,173.46,333.46,391639,257626,0.1487,0.943,0,22,0.0
2023-01-08,1,1,1,65,Plant_KR_Paju,Laptop,520,635,635,3000,0.212,0.909,578,58,312,475,415,1.31,449.12,162.43,286.69,213123,136042,0.0909,0.897,0,23,0.0
2023-01-08,1,1,1,65,Plant_CN_Hefei,TV,1498,1827,1827,3000,0.609,0.888,1621,205,759,1547,833,1.94,385.87,169.38,216.49,597090,334995,0.1123,0.919,0,21,0.0
2023-01-08,1,1,1,65,Plant_CN_Hefei,Monitor,904,1015,1015,3000,0.338,0.868,881,134,469,925,425,2.07,488.08,173.3,314.78,451299,291056,0.1324,0.927,0,20,0.0
2023-01-08,1,1,1,65,Plant_CN_Hefei,Laptop,630,784,784,3000,0.261,0.898,704,80,402,575,531,1.23,451.32,167.46,283.85,259401,163149,0.1021,0.929,0,22,0.0
2023-01-15,2,1,1,32,Plant_TW_Taichung,TV,2155,2414,2414,3000,0.805,0.917,2213,201,574,2082,705,3.25,103.45,101.78,1.67,215361,3467,0.0832,0.725,1,22,0.0
2023-01-15,2,1,1,32,Plant_TW_Taichung,Monitor,1713,2062,2062,3000,0.687,0.905,1867,195,428,1587,708,2.79,127.46,103.06,24.4,202238,38721,0.0946,0.929,0,24,0.0
2023-01-15,2,1,1,32,Plant_TW_Taichung,Laptop,1341,1531,1531,3000,0.51,0.98,1500,31,546,1216,830,1.77,126.83,95.22,31.62,154261,38453,0.02,0.891,0,28,0.0
2023-01-15,2,1,1,32,Plant_KR_Paju,TV,1920,2125,2125,3000,0.708,0.931,1978,147,796,1817,957,2.07,113.18,102.09,11.09,205691,20159,0.069,0.882,0,25,0.0
2023-01-15,2,1,1,32,Plant_KR_Paju,Monitor,1582,1853,1853,3000,0.618,0.892,1654,199,322,1435,540,3.33,137.93,106.5,31.43,197990,45119,0.1076,0.903,0,25,0.0
2023-01-15,2,1,1,32,Plant_KR_Paju,Laptop,1191,1400,1400,3000,0.467,0.863,1208,192,556,1168,595,2.03,128.32,110.18,18.14,149920,21188,0.1374,0.965,0,17,0.0
2023-01-15,2,1,1,32,Plant_CN_Hefei,TV,2247,2669,2669,3000,0.89,0.883,2358,311,477,2216,619,4.04,103.99,109.54,-5.55,230390,-12301,0.1166,0.954,0,27,0.0
2023-01-15,2,1,1,32,Plant_CN_Hefei,Monitor,1852,2304,2304,3000,0.768,0.9,2073,231,629,1724,978,2.15,129.02,107.54,21.48,222452,37036,0.1001,0.914,0,28,0.0
2023-01-15,2,1,1,32,Plant_CN_Hefei,Laptop,1161,1396,1396,3000,0.465,0.874,1220,176,709,1164,765,1.58,123.99,110.75,13.24,144297,15411,0.1262,0.925,0,25,0.0
2023-01-15,2,1,1,43,Plant_TW_Taichung,TV,2265,2705,2705,3000,0.902,0.905,2449,256,712,2052,1109,2.25,160.67,122.11,38.56,329704,79122,0.0948,0.929,0,20,0.0
2023-01-15,2,1,1,43,Plant_TW_Taichung,Monitor,1617,1975,1975,3000,0.658,0.919,1816,159,765,1516,1064,1.66,199.59,120.23,79.36,302642,120336,0.0806,0.931,0,27,0.0
2023-01-15,2,1,1,43,Plant_TW_Taichung,Laptop,1020,1237,1237,3000,0.412,0.924,1142,95,516,955,704,1.57,186.69,119.69,67.0,178216,63956,0.0765,0.925,0,24,0.0
2023-01-15,2,1,1,43,Plant_KR_Paju,TV,1754,2165,2165,3000,0.722,0.91,1970,195,683,1706,947,2.09,161.89,123.76,38.13,276100,65031,0.0903,0.888,0,27,0.0
2023-01-15,2,1,1,43,Plant_KR_Paju,Monitor,1232,1480,1480,3000,0.493,0.896,1326,154,783,1284,825,1.6,203.57,125.64,77.93,261383,100062,0.1039,0.964,0,25,0.0
2023-01-15,2,1,1,43,Plant_KR_Paju,Laptop,778,920,920,3000,0.307,0.929,855,65,534,782,606,1.37,197.86,121.16,76.7,154789,60005,0.0707,0.955,0,16,0.0
2023-01-15,2,1,1,43,Plant_CN_Hefei,TV,1941,2160,2160,3000,0.72,0.876,1891,269,440,1812,519,3.78,160.33,130.92,29.41,290528,53287,0.1244,0.893,0,28,0.0
2023-01-15,2,1,1,43,Plant_CN_Hefei,Monitor,1348,1683,1683,3000,0.561,0.837,1408,275,799,1262,945,1.45,206.07,137.03,69.04,259960,87099,0.1634,0.912,0,27,0.0
2023-01-15,2,1,1,43,Plant_CN_Hefei,Laptop,963,1171,1171,3000,0.39,0.838,981,190,481,968,494,1.99,184.25,136.83,47.42,178378,45910,0.1622,0.919,0,28,0.0
2023-01-15,2,1,1,55,Plant_TW_Taichung,TV,1352,1582,1582,3000,0.527,0.93,1471,111,300,1355,416,3.78,245.39,139.11,106.27,332385,143951,0.0703,0.923,0,24,0.0
2023-01-15,2,1,1,55,Plant_TW_Taichung,Monitor,1349,1530,1530,3000,0.51,0.895,1369,160,433,1377,425,3.21,322.72,144.47,178.25,444321,245410,0.1048,0.909,0,21,0.0
2023-01-15,2,1,1,55,Plant_TW_Taichung,Laptop,983,1216,1216,3000,0.405,0.945,1150,67,740,962,928,1.15,297.8,136.81,160.99,286344,154796,0.0547,0.921,0,20,0.0
2023-01-15,2,1,1,55,Plant_KR_Paju,TV,1631,1888,1888,3000,0.629,0.868,1639,249,770,1479,930,1.74,246.48,151.76,94.73,364571,140109,0.132,0.96,0,27,0.0
2023-01-15,2,1,1,55,Plant_KR_Paju,Monitor,892,1026,1026,3000,0.342,0.914,938,88,435,850,523,1.78,310.58,144.14,166.44,263990,141473,0.0861,0.726,1,26,0.0
2023-01-15,2,1,1,55,Plant_KR_Paju,Laptop,816,963,963,3000,0.321,0.869,837,126,716,785,768,1.06,297.02,151.62,145.4,233061,114090,0.1312,0.892,0,18,0.0
2023-01-15,2,1,1,55,Plant_CN_Hefei,TV,2086,2592,2592,3000,0.864,0.902,2339,253,749,1904,1184,1.97,261.49,148.65,112.84,497795,214816,0.0977,0.895,0,23,0.0
2023-01-15,2,1,1,55,Plant_CN_Hefei,Monitor,1230,1502,1502,3000,0.501,0.924,1388,114,523,1288,623,2.25,304.2,145.1,159.1,391950,204991,0.0757,0.915,0,26,0.0
2023-01-15,2,1,1,55,Plant_CN_Hefei,Laptop,1050,1288,1288,3000,0.429,0.806,1038,249,684,948,775,1.3,281.52,166.31,115.2,266752,109161,0.1936,0.928,0,20,0.0
2023-01-15,2,1,1,65,Plant_TW_Taichung,TV,1510,1787,1787,3000,0.596,0.893,1596,191,784,1524,856,1.86,415.41,162.37,253.04,632994,385579,0.107,0.902,0,24,0.0
2023-01-15,2,1,1,65,Plant_TW_Taichung,Monitor,751,934,934,3000,0.311,0.879,821,113,668,761,727,1.09,472.57,164.96,307.61,359790,234199,0.1211,0.882,0,25,0.0
2023-01-15,2,1,1,65,Plant_TW_Taichung,Laptop,635,772,772,3000,0.257,0.936,723,49,678,601,800,0.81,487.45,154.89,332.56,292921,199842,0.0639,0.888,0,26,0.0
2023-01-15,2,1,1,65,Plant_KR_Paju,TV,1090,1221,1221,3000,0.407,0.945,1154,68,734,1129,759,1.51,409.75,156.32,253.42,462563,286090,0.0553,0.935,0,17,0.0
2023-01-15,2,1,1,65,Plant_KR_Paju,Monitor,760,885,885,3000,0.295,0.926,820,65,746,766,800,0.99,497.35,159.42,337.93,381163,258986,0.0737,0.962,0,22,0.0
2023-01-15,2,1,1,65,Plant_KR_Paju,Laptop,572,689,689,3000,0.23,0.894,617,73,700,557,759,0.76,461.08,165.16,295.92,256989,164937,0.1058,0.968,0,20,0.0
2023-01-15,2,1,1,65,Plant_CN_Hefei,TV,1301,1472,1472,3000,0.491,0.923,1358,114,342,1218,482,2.96,387.82,162.98,224.85,472424,273896,0.0774,0.892,0,26,0.0
2023-01-15,2,1,1,65,Plant_CN_Hefei,Monitor,830,993,993,3000,0.331,0.865,858,134,494,856,496,1.73,495.75,173.91,321.84,424311,275463,0.1354,0.934,0,18,0.0
2023-01-15,2,1,1,65,Plant_CN_Hefei,Laptop,566,637,637,3000,0.212,0.848,540,97,391,539,392,1.38,450.38,177.26,273.11,242598,147114,0.1518,0.928,0,27,0.0
2023-01-22,3,1,1,32,Plant_TW_Taichung,TV,2224,2568,2568,3000,0.856,0.979,2514,54,372,2032,853,3.32,107.8,95.32,12.48,219083,25358,0.0211,0.926,0,26,0.0
2023-01-22,3,1,1,32,Plant_TW_Taichung,Monitor,2061,2286,2286,3000,0.762,0.921,2105,180,325,2123,307,6.72,126.52,101.31,25.21,268631,53520,0.0789,0.969,0,23,0.0
2023-01-22,3,1,1,32,Plant_TW_Taichung,Laptop,1252,1494,1494,3000,0.498,0.901,1346,148,664,1139,871,1.48,121.56,103.54,18.02,138421,20519,0.0988,0.942,0,22,0.0
2023-01-22,3,1,1,32,Plant_KR_Paju,TV,2279,2688,2688,3000,0.896,0.834,2243,446,792,2347,688,3.17,106.42,113.92,-7.5,249794,-17603,0.1658,0.889,0,22,0.0
2023-01-22,3,1,1,32,Plant_KR_Paju,Monitor,1510,1665,1665,3000,0.555,0.868,1446,220,773,1480,739,1.96,128.48,109.47,19.01,190139,28127,0.1318,0.923,0,25,0.0
2023-01-22,3,1,1,32,Plant_KR_Paju,Laptop,1265,1486,1486,3000,0.495,0.88,1308,178,410,1250,469,2.84,128.98,107.95,21.03,161168,26276,0.1196,0.933,0,27,0.0
2023-01-22,3,1,1,32,Plant_CN_Hefei,TV,2359,2695,2695,3000,0.898,0.922,2485,211,525,2210,800,3.33,107.98,104.97,3.01,238597,6655,0.0781,0.964,0,20,0.0
2023-01-22,3,1,1,32,Plant_CN_Hefei,Monitor,1631,1832,1832,3000,0.611,0.841,1540,292,411,1508,444,3.53,127.86,115.1,12.76,192754,19236,0.1593,0.896,0,22,0.0
2023-01-22,3,1,1,32,Plant_CN_Hefei,Laptop,1576,1746,1746,3000,0.582,0.904,1578,168,634,1611,601,2.61,122.95,107.05,15.9,198112,25614,0.0961,0.94,0,24,0.0
2023-01-22,3,1,1,43,Plant_TW_Taichung,TV,2284,2695,2695,3000,0.898,0.924,2491,204,325,2151,665,4.34,166.37,119.58,46.78,357862,100631,0.0756,0.909,0,18,0.0
2023-01-22,3,1,1,43,Plant_TW_Taichung,Monitor,1293,1565,1565,3000,0.522,0.975,1527,38,441,1220,748,2.05,199.61,113.32,86.28,243517,105264,0.0246,0.923,0,26,0.0
2023-01-22,3,1,1,43,Plant_TW_Taichung,Laptop,1089,1259,1259,3000,0.42,0.928,1168,91,309,1070,407,2.99,189.92,119.12,70.81,203245,75774,0.072,0.942,0,19,0.0
2023-01-22,3,1,1,43,Plant_KR_Paju,TV,1705,2049,2049,3000,0.683,0.916,1877,172,707,1689,895,2.11,166.77,122.92,43.84,281674,74053,0.0841,0.957,0,27,0.0
2023-01-22,3,1,1,43,Plant_KR_Paju,Monitor,1569,1755,1755,3000,0.585,0.943,1656,100,675,1645,685,2.42,192.16,119.36,72.8,316181,119786,0.0568,0.963,0,21,0.0
2023-01-22,3,1,1,43,Plant_KR_Paju,Laptop,774,942,942,3000,0.314,0.916,863,79,615,716,762,1.04,182.65,122.92,59.74,130738,42760,0.084,0.94,0,25,0.0
2023-01-22,3,1,1,43,Plant_CN_Hefei,TV,2687,3083,3000,3000,1.0,0.901,2703,297,341,2576,467,6.37,167.13,127.24,39.89,430582,102760,0.0991,0.914,0,18,0.0
2023-01-22,3,1,1,43,Plant_CN_Hefei,Monitor,1697,2004,2004,3000,0.668,0.94,1884,120,444,1757,571,3.46,195.7,121.96,73.74,343762,129537,0.0601,0.962,0,18,0.0
2023-01-22,3,1,1,43,Plant_CN_Hefei,Laptop,1175,1368,1368,3000,0.456,0.833,1139,229,366,1168,337,3.32,185.88,137.68,48.2,217095,56297,0.1674,0.951,0,28,0.0
2023-01-22,3,1,1,55,Plant_TW_Taichung,TV,1677,2031,2031,3000,0.677,0.945,1919,112,710,1696,933,2.07,240.25,136.88,103.37,407543,175345,0.0552,0.949,0,26,0.0
2023-01-22,3,1,1,55,Plant_TW_Taichung,Monitor,1296,1445,1445,3000,0.482,0.95,1374,72,696,1188,882,1.51,318.67,136.09,182.58,378487,216847,0.0497,0.916,0,28,0.0
2023-01-22,3,1,1,55,Plant_TW_Taichung,Laptop,853,1001,1001,3000,0.334,0.962,963,38,710,850,823,1.11,299.7,134.38,165.32,254785,140546,0.0376,0.903,0,20,0.0
2023-01-22,3,1,1,55,Plant_KR_Paju,TV,1710,2127,2127,3000,0.709,0.886,1884,243,659,1688,854,2.23,249.5,148.71,100.79,421231,170168,0.1142,0.965,0,27,0.0
2023-01-22,3,1,1,55,Plant_KR_Paju,Monitor,1233,1382,1382,3000,0.461,0.892,1232,149,403,1271,365,3.31,321.31,147.68,173.62,408305,220634,0.1081,0.943,0,23,0.0
2023-01-22,3,1,1,55,Plant_KR_Paju,Laptop,612,733,733,3000,0.244,0.887,650,83,796,603,842,0.74,297.14,148.54,148.6,179313,89674,0.1132,0.946,0,23,0.0
2023-01-22,3,1,1,55,Plant_CN_Hefei,TV,2100,2596,2596,3000,0.865,0.87,2259,337,645,2154,750,3.09,242.54,154.14,88.4,522409,190409,0.1299,0.958,0,22,0.0
2023-01-22,3,1,1,55,Plant_CN_Hefei,Monitor,1153,1373,1373,3000,0.458,0.866,1189,184,730,1047,872,1.31,302.92,154.89,148.03,317088,154953,0.1341,0.88,0,24,0.0
2023-01-22,3,1,1,55,Plant_CN_Hefei,Laptop,781,908,908,3000,0.303,0.833,757,151,646,756,647,1.17,285.9,160.95,124.96,216228,94506,0.1667,0.893,0,23,0.0
2023-01-22,3,1,1,65,Plant_TW_Taichung,TV,1299,1461,1461,3000,0.487,0.836,1222,239,643,1230,635,1.92,416.36,173.34,243.02,512086,298896,0.1635,0.9,0,17,0.0
2023-01-22,3,1,1,65,Plant_TW_Taichung,Monitor,940,1059,1059,3000,0.353,0.896,949,110,488,872,565,1.66,485.08,161.81,323.27,422857,281799,0.104,0.916,0,18,0.0
2023-01-22,3,1,1,65,Plant_TW_Taichung,Laptop,557,688,688,3000,0.229,0.915,629,58,331,540,420,1.44,478.41,158.45,319.96,258492,172879,0.0849,0.955,0,18,0.0
2023-01-22,3,1,1,65,Plant_KR_Paju,TV,937,1140,1140,3000,0.38,0.942,1073,66,775,911,937,1.06,404.88,156.82,248.05,368813,225958,0.0583,0.889,0,23,0.0
2023-01-22,3,1,1,65,Plant_KR_Paju,Monitor,909,1128,1128,3000,0.376,0.82,926,203,587,855,658,1.37,514.67,180.04,334.63,440005,286082,0.1798,0.952,0,22,0.0
2023-01-22,3,1,1,65,Plant_KR_Paju,Laptop,489,590,590,3000,0.197,0.897,530,61,546,459,617,0.79,458.14,164.57,293.57,210166,134671,0.1027,0.934,0,24,0.0
2023-01-22,3,1,1,65,Plant_CN_Hefei,TV,1552,1749,1749,3000,0.583,0.881,1541,208,396,1527,410,3.79,413.94,170.69,243.25,631956,371369,0.1191,0.969,0,23,0.0
2023-01-22,3,1,1,65,Plant_CN_Hefei,Monitor,1089,1356,1356,3000,0.452,0.829,1124,232,765,982,907,1.18,474.48,181.33,293.15,466169,288015,0.1708,0.882,0,28,0.0
2023-01-22,3,1,1,65,Plant_CN_Hefei,Laptop,797,954,954,3000,0.318,0.853,814,140,381,824,370,2.19,487.5,176.28,311.22,401885,256567,0.147,0.903,0,17,0.0
2023-01-29,4,1,1,32,Plant_TW_Taichung,TV,2382,2632,2632,3000,0.877,0.906,2384,248,555,2341,598,4.06,107.31,103.02,4.29,251214,10035,0.0943,0.965,0,21,0.0
2023-01-29,4,1,1,32,Plant_TW_Taichung,Monitor,1961,2191,2191,3000,0.73,0.95,2083,109,457,1909,631,3.51,137.21,98.17,39.03,261884,74502,0.0495,0.918,0,18,0.0
2023-01-29,4,1,1,32,Plant_TW_Taichung,Laptop,1266,1534,1534,3000,0.511,0.896,1375,159,500,1166,708,1.93,130.22,104.12,26.1,151852,30432,0.1038,0.927,0,28,0.0
2023-01-29,4,1,1,32,Plant_KR_Paju,TV,2441,2936,2936,3000,0.979,0.949,2785,151,625,2532,878,3.37,103.87,100.19,3.68,263020,9329,0.0514,0.905,0,16,0.0
2023-01-29,4,1,1,32,Plant_KR_Paju,Monitor,1527,1794,1794,3000,0.598,0.883,1585,210,641,1406,819,1.93,137.28,107.61,29.67,193023,41713,0.1168,0.934,0,27,0.0
2023-01-29,4,1,1,32,Plant_KR_Paju,Laptop,1194,1402,1402,3000,0.467,0.909,1275,127,693,1239,730,1.74,124.98,104.51,20.47,154816,25359,0.0906,0.927,0,17,0.0
2023-01-29,4,1,1,32,Plant_CN_Hefei,TV,2402,2908,2908,3000,0.969,0.886,2575,333,581,2186,970,2.82,111.64,109.27,2.37,244087,5187,0.1144,0.962,0,26,0.0
2023-01-29,4,1,1,32,Plant_CN_Hefei,Monitor,1783,2113,2113,3000,0.704,0.857,1811,301,397,1711,498,3.82,137.99,112.87,25.12,236069,42980,0.1427,0.924,0,25,0.0
2023-01-29,4,1,1,32,Plant_CN_Hefei,Laptop,1126,1283,1283,3000,0.428,0.863,1107,176,745,1175,677,1.65,121.65,112.16,9.48,142917,11142,0.1373,0.923,0,24,0.0
2023-01-29,4,1,1,43,Plant_TW_Taichung,TV,1743,2108,2108,3000,0.703,0.924,1947,161,516,1753,710,2.86,163.59,119.67,43.92,286797,76994,0.0763,0.887,0,17,0.0
2023-01-29,4,1,1,43,Plant_TW_Taichung,Monitor,1646,1982,1982,3000,0.661,0.939,1861,122,574,1559,875,2.15,204.09,117.76,86.32,318198,134592,0.0613,0.951,0,24,0.0
2023-01-29,4,1,1,43,Plant_TW_Taichung,Laptop,1027,1159,1159,3000,0.386,0.873,1011,147,617,1072,556,1.83,193.88,126.63,67.25,207890,72108,0.1271,0.948,0,20,0.0
2023-01-29,4,1,1,43,Plant_KR_Paju,TV,2035,2498,2498,3000,0.833,0.898,2243,255,442,2043,642,3.77,154.74,125.39,29.35,316196,59972,0.1021,0.884,0,22,0.0
2023-01-29,4,1,1,43,Plant_KR_Paju,Monitor,1587,1878,1878,3000,0.626,0.85,1597,281,385,1646,335,4.57,188.77,132.43,56.35,310813,92773,0.1498,0.907,0,23,0.0
2023-01-29,4,1,1,43,Plant_KR_Paju,Laptop,1123,1394,1394,3000,0.465,0.934,1302,92,722,1087,937,1.31,189.42,120.56,68.87,205985,74888,0.0661,0.939,0,23,0.0
2023-01-29,4,1,1,43,Plant_CN_Hefei,TV,2061,2304,2304,3000,0.768,0.878,2022,282,397,2128,291,6.19,162.49,130.62,31.87,345781,67817,0.1224,0.916,0,22,0.0
2023-01-29,4,1,1,43,Plant_CN_Hefei,Monitor,1498,1768,1768,3000,0.589,0.86,1522,247,509,1465,566,2.72,196.55,133.22,63.33,287873,92758,0.1395,0.918,0,18,0.0
2023-01-29,4,1,1,43,Plant_CN_Hefei,Laptop,1326,1463,1463,3000,0.488,0.911,1333,130,546,1230,649,2.06,186.81,125.79,61.02,229824,75069,0.0887,0.886,0,19,0.0
2023-01-29,4,1,1,55,Plant_TW_Taichung,TV,1379,1536,1536,3000,0.512,0.919,1412,124,571,1422,560,2.51,264.2,140.69,123.51,375753,175662,0.0807,0.918,0,22,0.0
2023-01-29,4,1,1,55,Plant_TW_Taichung,Monitor,1187,1436,1436,3000,0.479,0.903,1297,139,476,1088,685,1.87,303.52,143.17,160.35,330110,174401,0.0967,0.907,0,20,0.0
2023-01-29,4,1,1,55,Plant_TW_Taichung,Laptop,686,757,757,3000,0.252,0.919,695,61,604,658,641,1.06,282.96,140.74,142.22,186140,93560,0.081,0.952,0,20,0.0
2023-01-29,4,1,1,55,Plant_KR_Paju,TV,1264,1469,1469,3000,0.49,0.907,1333,137,739,1305,767,1.73,254.54,145.23,109.31,332152,142643,0.093,0.969,0,22,0.0
2023-01-29,4,1,1,55,Plant_KR_Paju,Monitor,1266,1437,1437,3000,0.479,0.905,1300,137,672,1297,675,1.93,296.31,145.55,150.75,384454,195600,0.095,0.686,1,24,0.0
2023-01-29,4,1,1,55,Plant_KR_Paju,Laptop,661,805,805,3000,0.268,0.915,736,69,561,674,623,1.14,297.82,144.0,153.82,200870,103747,0.0852,0.927,0,19,0.0
2023-01-29,4,1,1,55,Plant_CN_Hefei,TV,2214,2493,2493,3000,0.831,0.923,2300,193,361,2323,338,6.65,262.02,145.37,116.65,608743,271005,0.0774,0.936,0,28,0.0
2023-01-29,4,1,1,55,Plant_CN_Hefei,Monitor,1313,1561,1561,3000,0.52,0.863,1347,214,697,1351,693,1.94,306.69,155.43,151.26,414283,204320,0.1371,0.905,0,28,0.0
2023-01-29,4,1,1,55,Plant_CN_Hefei,Laptop,1068,1327,1327,3000,0.442,0.889,1180,148,339,1110,408,2.97,300.92,150.94,149.98,334049,166491,0.1114,0.903,0,21,0.0
2023-01-29,4,1,1,65,Plant_TW_Taichung,TV,1139,1376,1376,3000,0.459,0.93,1280,96,389,1116,553,2.37,423.72,155.9,267.82,472872,298889,0.07,0.961,0,28,0.0
2023-01-29,4,1,1,65,Plant_TW_Taichung,Monitor,1006,1181,1181,3000,0.394,0.98,1158,24,485,992,651,1.75,503.02,147.95,355.08,498758,352064,0.02,0.958,0,16,0.0
2023-01-29,4,1,1,65,Plant_TW_Taichung,Laptop,725,885,885,3000,0.295,0.904,800,85,467,680,587,1.29,456.31,160.37,295.94,310091,201107,0.0959,0.91,0,28,0.0
2023-01-29,4,1,1,65,Plant_KR_Paju,TV,1224,1471,1471,3000,0.49,0.941,1385,86,306,1263,428,3.44,423.68,156.86,266.83,535124,337009,0.0585,0.959,0,25,0.0
2023-01-29,4,1,1,65,Plant_KR_Paju,Monitor,676,778,778,3000,0.259,0.919,715,63,457,700,471,1.51,470.31,160.61,309.7,329449,216941,0.0805,0.948,0,27,0.0
2023-01-29,4,1,1,65,Plant_KR_Paju,Laptop,455,520,520,3000,0.173,0.906,471,49,316,417,370,1.22,466.67,163.04,303.63,194813,126750,0.0943,0.715,1,21,0.0
2023-01-29,4,1,1,65,Plant_CN_Hefei,TV,1266,1396,1396,3000,0.465,0.881,1230,166,532,1322,440,2.72,398.6,170.59,228.0,527004,301454,0.1186,0.964,0,28,0.0
2023-01-29,4,1,1,65,Plant_CN_Hefei,Monitor,1082,1219,1219,3000,0.406,0.895,1090,128,700,1069,722,1.5,487.37,168.05,319.32,520787,341211,0.1053,0.884,0,17,0.0
2023-01-29,4,1,1,65,Plant_CN_Hefei,Laptop,829,996,996,3000,0.332,0.862,858,138,503,839,522,1.64,455.02,174.45,280.57,381848,235448,0.1381,0.882,0,26,0.0
2023-02-05,5,2,1,32,Plant_TW_Taichung,TV,2943,3402,3000,3000,1.0,0.903,2709,291,770,2846,633,4.06,105.56,103.34,2.22,300385,6307,0.097,0.918,0,28,0.0
2023-02-05,5,2,1,32,Plant_TW_Taichung,Monitor,2084,2457,2457,3000,0.819,0.942,2315,143,584,2093,806,3.01,128.31,99.06,29.25,268508,61208,0.0581,0.941,0,21,0.0
2023-02-05,5,2,1,32,Plant_TW_Taichung,Laptop,1112,1368,1368,3000,0.456,0.933,1276,92,656,1107,825,1.49,124.71,100.02,24.69,138047,27329,0.0671,0.969,0,16,0.0
2023-02-05,5,2,1,32,Plant_KR_Paju,TV,2179,2633,2633,3000,0.878,0.907,2389,244,461,2031,820,3.17,102.94,104.75,-1.81,209016,-3684,0.0927,0.913,0,27,0.0
2023-02-05,5,2,1,32,Plant_KR_Paju,Monitor,1625,2024,2024,3000,0.675,0.908,1838,186,608,1500,946,1.93,131.39,104.66,26.73,197118,40101,0.0919,0.882,0,28,0.0
2023-02-05,5,2,1,32,Plant_KR_Paju,Laptop,1000,1105,1105,3000,0.368,0.893,987,118,615,1046,557,1.78,122.04,106.42,15.62,127599,16333,0.1069,0.88,0,22,0.0
2023-02-05,5,2,1,32,Plant_CN_Hefei,TV,2439,2933,2933,3000,0.978,0.839,2462,472,743,2218,986,2.57,108.89,115.3,-6.42,241527,-14235,0.1607,0.952,0,26,0.0
2023-02-05,5,2,1,32,Plant_CN_Hefei,Monitor,2397,2691,2691,3000,0.897,0.871,2342,348,576,2183,735,3.33,130.58,111.16,19.42,285113,42401,0.1295,0.934,0,26,0.0
2023-02-05,5,2,1,32,Plant_CN_Hefei,Laptop,1546,1900,1900,3000,0.633,0.851,1617,283,700,1415,902,1.77,126.89,113.71,13.18,179605,18657,0.149,0.693,1,27,0.0
2023-02-05,5,2,1,43,Plant_TW_Taichung,TV,2349,2781,2781,3000,0.927,0.919,2555,226,715,2446,824,3.18,155.07,120.34,34.74,379302,84963,0.0814,0.959,0,16,0.0
2023-02-05,5,2,1,43,Plant_TW_Taichung,Monitor,1719,1983,1983,3000,0.661,0.939,1862,121,442,1598,705,2.79,191.42,117.72,73.69,305967,117793,0.061,0.937,0,18,0.0
2023-02-05,5,2,1,43,Plant_TW_Taichung,Laptop,1259,1497,1497,3000,0.499,0.891,1333,164,372,1143,563,2.45,189.78,124.11,65.67,216871,75044,0.1094,0.958,0,17,0.0
2023-02-05,5,2,1,43,Plant_KR_Paju,TV,2054,2501,2501,3000,0.834,0.89,2225,275,758,2124,859,2.63,162.77,126.51,36.26,345759,77028,0.1101,0.921,0,18,0.0
2023-02-05,5,2,1,43,Plant_KR_Paju,Monitor,1118,1257,1257,3000,0.419,0.972,1222,35,313,1020,516,2.46,189.29,115.78,73.51,192993,74951,0.0276,0.894,0,28,0.0
2023-02-05,5,2,1,43,Plant_KR_Paju,Laptop,1023,1176,1176,3000,0.392,0.95,1117,59,520,1042,595,1.87,192.0,118.49,73.51,200083,76602,0.0499,0.93,0,17,0.0
2023-02-05,5,2,1,43,Plant_CN_Hefei,TV,2537,2917,2917,3000,0.972,0.874,2549,368,611,2654,506,4.75,164.44,131.18,33.26,436467,88281,0.1261,0.941,0,28,0.0
2023-02-05,5,2,1,43,Plant_CN_Hefei,Monitor,1619,1830,1830,3000,0.61,0.87,1592,238,512,1633,471,3.32,202.81,131.78,71.03,331271,116023,0.1301,0.911,0,27,0.0
2023-02-05,5,2,1,43,Plant_CN_Hefei,Laptop,1323,1556,1556,3000,0.519,0.891,1386,170,349,1363,371,3.78,190.49,128.72,61.77,259640,84190,0.1094,0.945,0,19,0.0
2023-02-05,5,2,1,55,Plant_TW_Taichung,TV,1998,2468,2468,3000,0.823,0.871,2150,318,670,1884,936,2.35,248.45,148.48,99.97,467959,188291,0.129,0.922,0,20,0.0
2023-02-05,5,2,1,55,Plant_TW_Taichung,Monitor,1330,1490,1490,3000,0.497,0.903,1345,145,307,1278,374,3.76,311.14,143.25,167.89,397731,214611,0.0972,0.914,0,17,0.0
2023-02-05,5,2,1,55,Plant_TW_Taichung,Laptop,758,931,931,3000,0.31,0.87,811,121,615,729,697,1.11,296.73,148.57,148.16,216196,107948,0.1295,0.94,0,22,0.0
2023-02-05,5,2,1,55,Plant_KR_Paju,TV,1354,1569,1569,3000,0.523,0.898,1410,159,327,1271,466,3.21,255.95,146.61,109.34,325346,138989,0.1015,0.95,0,23,0.0
2023-02-05,5,2,1,55,Plant_KR_Paju,Monitor,1050,1192,1192,3000,0.397,0.913,1089,104,417,972,534,2.04,308.61,144.28,164.33,299893,159690,0.087,0.955,0,16,0.0
2023-02-05,5,2,1,55,Plant_KR_Paju,Laptop,767,911,911,3000,0.304,0.891,812,99,759,771,799,0.99,284.21,147.84,136.37,219167,105164,0.109,0.883,0,20,0.0
2023-02-05,5,2,1,55,Plant_CN_Hefei,TV,1803,2127,2127,3000,0.709,0.901,1917,210,611,1781,747,2.62,261.28,148.82,112.46,465298,200272,0.0988,0.89,0,17,0.0
2023-02-05,5,2,1,55,Plant_CN_Hefei,Monitor,1599,1789,1789,3000,0.596,0.909,1626,163,592,1664,554,2.9,293.81,147.53,146.28,488922,243424,0.0909,0.921,0,20,0.0
2023-02-05,5,2,1,55,Plant_CN_Hefei,Laptop,799,891,891,3000,0.297,0.931,830,61,575,837,568,1.47,307.67,143.99,163.69,257579,137036,0.0685,0.724,1,17,0.0
2023-02-05,5,2,1,65,Plant_TW_Taichung,TV,1551,1841,1841,3000,0.614,0.943,1736,105,483,1516,704,2.55,404.55,153.73,250.82,613108,380127,0.0568,0.893,0,28,0.0
2023-02-05,5,2,1,65,Plant_TW_Taichung,Monitor,783,971,971,3000,0.324,0.898,872,99,640,715,797,1.0,503.54,161.46,342.09,360218,244719,0.102,0.958,0,21,0.0
2023-02-05,5,2,1,65,Plant_TW_Taichung,Laptop,588,705,705,3000,0.235,0.935,660,46,418,613,465,1.39,481.16,155.04,326.12,294792,199802,0.0648,0.936,0,23,0.0
2023-02-05,5,2,1,65,Plant_KR_Paju,TV,1345,1634,1634,3000,0.545,0.906,1480,154,751,1347,885,1.65,393.48,163.01,230.48,529894,310379,0.0941,0.915,0,20,0.0
2023-02-05,5,2,1,65,Plant_KR_Paju,Monitor,847,976,976,3000,0.325,0.892,871,105,749,889,731,1.2,472.64,165.52,307.12,420222,273061,0.1078,0.917,0,28,0.0
2023-02-05,5,2,1,65,Plant_KR_Paju,Laptop,653,774,774,3000,0.258,0.917,710,64,680,663,727,0.94,492.61,161.05,331.56,326452,219723,0.0831,0.961,0,28,0.0
2023-02-05,5,2,1,65,Plant_CN_Hefei,TV,1605,1871,1871,3000,0.624,0.891,1666,205,630,1535,761,2.21,396.77,168.82,227.96,609092,349938,0.1093,0.91,0,16,0.0
2023-02-05,5,2,1,65,Plant_CN_Hefei,Monitor,950,1102,1102,3000,0.367,0.853,940,161,772,940,772,1.22,497.26,176.18,321.08,467618,301940,0.1466,0.881,0,26,0.0
2023-02-05,5,2,1,65,Plant_CN_Hefei,Laptop,747,896,896,3000,0.299,0.927,831,66,629,757,702,1.14,472.52,162.27,310.25,357800,234923,0.0734,0.966,0,17,0.0
2023-02-12,6,2,1,32,Plant_TW_Taichung,TV,2586,2855,2855,3000,0.952,0.885,2527,327,781,2532,776,3.25,105.26,105.4,-0.14,266492,-365,0.1147,0.915,0,22,0.0
2023-02-12,6,2,1,32,Plant_TW_Taichung,Monitor,2054,2481,2481,3000,0.827,0.874,2168,313,678,2009,837,2.65,136.26,106.76,29.49,273768,59259,0.126,0.961,0,20,0.0
2023-02-12,6,2,1,32,Plant_TW_Taichung,Laptop,1512,1718,1718,3000,0.573,0.914,1571,147,589,1398,762,2.07,127.48,102.05,25.42,178226,35545,0.0857,0.94,0,28,0.0
2023-02-12,6,2,1,32,Plant_KR_Paju,TV,2632,3108,3000,3000,1.0,0.917,2750,250,443,2404,789,3.9,110.35,103.69,6.66,265257,16014,0.0834,0.968,0,25,0.0
2023-02-12,6,2,1,32,Plant_KR_Paju,Monitor,1394,1572,1572,3000,0.524,0.871,1369,203,696,1294,771,1.76,129.3,109.13,20.17,167262,26095,0.1291,0.897,0,23,0.0
2023-02-12,6,2,1,32,Plant_KR_Paju,Laptop,1391,1631,1631,3000,0.544,0.917,1495,136,562,1422,635,2.38,124.41,103.7,20.71,176898,29450,0.0835,0.89,0,28,0.0
2023-02-12,6,2,1,32,Plant_CN_Hefei,TV,2985,3651,3000,3000,1.0,0.871,2614,386,308,2922,0,18.98,104.49,111.04,-6.55,305359,-19145,0.1285,0.962,0,23,0.021
2023-02-12,6,2,1,32,Plant_CN_Hefei,Monitor,1890,2147,2147,3000,0.716,0.892,1915,232,592,1787,720,2.72,135.06,108.48,26.58,241345,47500,0.108,0.94,0,24,0.0
2023-02-12,6,2,1,32,Plant_CN_Hefei,Laptop,1202,1435,1435,3000,0.478,0.947,1358,77,474,1124,708,1.9,130.65,102.22,28.43,146914,31973,0.0533,0.928,0,21,0.0
2023-02-12,6,2,1,43,Plant_TW_Taichung,TV,1759,2104,2104,3000,0.701,0.883,1858,247,775,1638,995,1.85,164.23,125.2,39.03,268952,63918,0.1171,0.937,0,24,0.0
2023-02-12,6,2,1,43,Plant_TW_Taichung,Monitor,1519,1896,1896,3000,0.632,0.932,1768,128,622,1468,922,1.9,196.93,118.55,78.38,289136,115079,0.0676,0.881,0,23,0.0
2023-02-12,6,2,1,43,Plant_TW_Taichung,Laptop,925,1032,1032,3000,0.344,0.897,926,106,517,879,563,1.63,196.66,123.25,73.41,172941,64555,0.1032,0.904,0,20,0.0
2023-02-12,6,2,1,43,Plant_KR_Paju,TV,2264,2556,2556,3000,0.852,0.867,2216,340,724,2247,692,3.17,161.07,129.86,31.21,361993,70138,0.133,0.94,0,27,0.0
2023-02-12,6,2,1,43,Plant_KR_Paju,Monitor,1223,1445,1445,3000,0.482,0.879,1269,175,529,1210,589,2.16,201.57,128.13,73.43,243842,88836,0.1213,0.921,0,21,0.0
2023-02-12,6,2,1,43,Plant_KR_Paju,Laptop,1044,1304,1304,3000,0.435,0.921,1201,103,653,1010,844,1.35,185.85,122.26,63.59,187663,64211,0.0792,0.888,0,20,0.0
2023-02-12,6,2,1,43,Plant_CN_Hefei,TV,2080,2503,2503,3000,0.834,0.938,2349,154,610,2039,920,2.67,155.47,122.16,33.31,317030,67924,0.0616,0.948,0,16,0.0
2023-02-12,6,2,1,43,Plant_CN_Hefei,Monitor,1540,1921,1921,3000,0.64,0.81,1556,365,578,1478,655,2.4,191.12,141.53,49.59,282531,73302,0.1901,0.963,0,27,0.0
2023-02-12,6,2,1,43,Plant_CN_Hefei,Laptop,1073,1288,1288,3000,0.429,0.865,1114,174,383,1066,431,2.62,181.23,132.52,48.72,193155,51919,0.135,0.891,0,27,0.0
2023-02-12,6,2,1,55,Plant_TW_Taichung,TV,1935,2334,2334,3000,0.778,0.896,2092,242,640,1842,890,2.41,245.42,144.27,101.15,452005,186291,0.1036,0.954,0,22,0.0
2023-02-12,6,2,1,55,Plant_TW_Taichung,Monitor,1432,1763,1763,3000,0.588,0.88,1552,211,561,1487,626,2.5,307.91,146.96,160.95,457748,239277,0.1199,0.957,0,25,0.0
2023-02-12,6,2,1,55,Plant_TW_Taichung,Laptop,870,1008,1008,3000,0.336,0.98,988,20,457,897,548,1.79,304.82,131.97,172.85,273500,155091,0.02,0.951,0,19,0.0
2023-02-12,6,2,1,55,Plant_KR_Paju,TV,1764,2026,2026,3000,0.675,0.92,1865,161,462,1634,693,2.83,256.91,143.11,113.8,419718,185913,0.0796,0.968,0,25,0.0
2023-02-12,6,2,1,55,Plant_KR_Paju,Monitor,1237,1385,1385,3000,0.462,0.974,1349,36,609,1267,691,1.95,302.38,135.25,167.13,383041,211714,0.0261,0.954,0,28,0.0
2023-02-12,6,2,1,55,Plant_KR_Paju,Laptop,741,823,823,3000,0.274,0.891,733,90,781,723,791,0.92,286.14,147.84,138.3,206893,99996,0.109,0.712,1,27,0.0
2023-02-12,6,2,1,55,Plant_CN_Hefei,TV,1768,2080,2080,3000,0.693,0.852,1771,308,689,1592,869,2.04,239.85,157.45,82.39,381764,131148,0.1482,0.913,0,18,0.0
2023-02-12,6,2,1,55,Plant_CN_Hefei,Monitor,1373,1550,1550,3000,0.517,0.876,1357,193,644,1248,753,1.79,323.24,153.16,170.08,403361,212237,0.1243,0.707,1,24,0.0
2023-02-12,6,2,1,55,Plant_CN_Hefei,Laptop,930,1046,1046,3000,0.349,0.857,897,150,699,845,750,1.17,294.28,156.52,137.76,248751,116448,0.1431,0.953,0,22,0.0
2023-02-12,6,2,1,65,Plant_TW_Taichung,TV,1158,1304,1304,3000,0.435,0.903,1178,126,719,1134,763,1.53,402.01,160.53,241.47,455893,273843,0.0968,0.96,0,28,0.0
2023-02-12,6,2,1,65,Plant_TW_Taichung,Monitor,860,1013,1013,3000,0.338,0.88,892,121,385,898,379,2.35,482.55,164.67,317.89,433257,285410,0.1195,0.918,0,21,0.0
2023-02-12,6,2,1,65,Plant_TW_Taichung,Laptop,589,715,715,3000,0.238,0.918,657,59,613,547,722,0.82,478.12,157.98,320.14,261609,175166,0.0822,0.955,0,28,0.0
2023-02-12,6,2,1,65,Plant_KR_Paju,TV,1397,1705,1705,3000,0.568,0.9,1533,171,782,1313,1002,1.47,410.92,164.17,246.75,539503,323964,0.1005,0.904,0,20,0.0
2023-02-12,6,2,1,65,Plant_KR_Paju,Monitor,818,918,918,3000,0.306,0.917,842,76,351,766,427,1.97,502.51,160.97,341.53,384775,261516,0.0826,0.935,0,28,0.0
2023-02-12,6,2,1,65,Plant_KR_Paju,Laptop,577,703,703,3000,0.234,0.88,619,84,428,590,457,1.33,452.49,167.83,284.66,266768,167824,0.1201,0.964,0,27,0.0
2023-02-12,6,2,1,65,Plant_CN_Hefei,TV,1596,1953,1953,3000,0.651,0.911,1779,173,546,1594,731,2.5,421.0,165.01,255.99,671027,408015,0.0888,0.935,0,27,0.0
2023-02-12,6,2,1,65,Plant_CN_Hefei,Monitor,984,1213,1213,3000,0.404,0.862,1045,168,499,898,646,1.57,505.71,174.46,331.25,454271,297558,0.1381,0.665,1,23,0.0
2023-02-12,6,2,1,65,Plant_CN_Hefei,Laptop,584,687,687,3000,0.229,0.878,603,84,531,556,577,1.0,462.89,171.31,291.58,257586,162258,0.1223,0.95,0,22,0.0
2023-02-19,7,2,1,32,Plant_TW_Taichung,TV,2904,3349,3000,3000,1.0,0.957,2872,128,651,2643,879,3.45,107.18,97.47,9.71,283334,25669,0.0427,0.926,0,16,0.0
2023-02-19,7,2,1,32,Plant_TW_Taichung,Monitor,1676,2037,2037,3000,0.679,0.854,1740,298,708,1754,694,2.5,134.21,109.28,24.93,235389,43729,0.1461,0.677,1,19,0.0
2023-02-19,7,2,1,32,Plant_TW_Taichung,Laptop,1447,1732,1732,3000,0.577,0.902,1563,169,669,1372,859,1.8,121.28,103.39,17.89,166441,24545,0.0975,0.89,0,28,0.0
2023-02-19,7,2,1,32,Plant_KR_Paju,TV,2424,2939,2939,3000,0.98,0.901,2648,290,587,2406,829,3.4,104.29,105.46,-1.17,250946,-2822,0.0988,0.667,1,17,0.0
2023-02-19,7,2,1,32,Plant_KR_Paju,Monitor,1462,1690,1690,3000,0.563,0.848,1433,257,772,1352,853,1.66,129.01,112.09,16.92,174384,22872,0.1521,0.941,0,18,0.0
2023-02-19,7,2,1,32,Plant_KR_Paju,Laptop,1355,1622,1622,3000,0.541,0.842,1365,257,782,1356,791,1.72,123.69,112.93,10.76,167744,14593,0.1584,0.903,0,17,0.0
2023-02-19,7,2,1,32,Plant_CN_Hefei,TV,3025,3428,3000,3000,1.0,0.841,2524,476,523,2803,244,7.31,108.49,115.04,-6.55,304064,-18359,0.1588,0.964,0,28,0.0
2023-02-19,7,2,1,32,Plant_CN_Hefei,Monitor,2191,2446,2446,3000,0.815,0.887,2169,276,512,2211,471,4.5,136.19,109.09,27.1,301076,59912,0.113,0.926,0,23,0.0
2023-02-19,7,2,1,32,Plant_CN_Hefei,Laptop,1344,1562,1562,3000,0.521,0.904,1412,150,302,1269,444,3.4,126.82,107.03,19.79,160994,25120,0.0959,0.959,0,24,0.0
2023-02-19,7,2,1,43,Plant_TW_Taichung,TV,2400,2698,2698,3000,0.899,0.946,2551,147,661,2361,851,3.12,167.05,116.9,50.15,394420,118406,0.0544,0.959,0,19,0.0
2023-02-19,7,2,1,43,Plant_TW_Taichung,Monitor,1277,1482,1482,3000,0.494,0.903,1338,144,309,1292,355,3.89,204.24,122.47,81.77,263846,105635,0.0974,0.942,0,28,0.0
2023-02-19,7,2,1,43,Plant_TW_Taichung,Laptop,1103,1301,1301,3000,0.434,0.938,1219,81,533,1119,633,1.92,180.22,117.89,62.33,201669,69749,0.0623,0.898,0,17,0.0
2023-02-19,7,2,1,43,Plant_KR_Paju,TV,2158,2594,2594,3000,0.865,0.919,2384,210,369,2226,526,4.97,170.04,122.5,47.54,378551,105827,0.081,0.92,0,19,0.0
2023-02-19,7,2,1,43,Plant_KR_Paju,Monitor,1523,1725,1725,3000,0.575,0.914,1577,148,453,1460,570,2.85,196.27,123.14,73.13,286522,106753,0.0857,0.88,0,21,0.0
2023-02-19,7,2,1,43,Plant_KR_Paju,Laptop,848,955,955,3000,0.318,0.857,819,137,370,824,364,2.24,191.69,131.42,60.27,157957,49662,0.1433,0.699,1,22,0.0
2023-02-19,7,2,1,43,Plant_CN_Hefei,TV,2585,2864,2864,3000,0.955,0.83,2377,486,323,2588,112,11.91,166.94,138.08,28.86,432107,74693,0.1698,0.954,0,16,0.0
2023-02-19,7,2,1,43,Plant_CN_Hefei,Monitor,1765,1981,1981,3000,0.66,0.912,1806,174,613,1776,644,2.83,203.71,125.69,78.03,361712,138541,0.088,0.92,0,19,0.0
2023-02-19,7,2,1,43,Plant_CN_Hefei,Laptop,1015,1228,1228,3000,0.409,0.905,1112,116,780,927,965,1.06,183.72,126.6,57.12,170259,52932,0.0946,0.946,0,26,0.0
2023-02-19,7,2,1,55,Plant_TW_Taichung,TV,1901,2177,2177,3000,0.726,0.934,2032,144,447,1935,544,3.9,242.38,138.52,103.86,468999,200973,0.0663,0.956,0,26,0.0
2023-02-19,7,2,1,55,Plant_TW_Taichung,Monitor,1334,1657,1657,3000,0.552,0.888,1471,186,624,1237,858,1.67,303.76,145.72,158.04,375852,195551,0.1125,0.882,0,16,0.0
2023-02-19,7,2,1,55,Plant_TW_Taichung,Laptop,899,1068,1068,3000,0.356,0.933,996,72,350,936,410,2.46,286.92,138.64,148.29,268582,138807,0.0671,0.959,0,28,0.0
2023-02-19,7,2,1,55,Plant_KR_Paju,TV,1541,1806,1806,3000,0.602,0.906,1636,170,704,1493,847,1.92,251.57,145.4,106.17,375488,158461,0.0941,0.887,0,22,0.0
2023-02-19,7,2,1,55,Plant_KR_Paju,Monitor,1272,1573,1573,3000,0.524,0.892,1403,170,383,1270,515,2.83,322.06,147.71,174.35,409151,221498,0.1082,0.664,1,21,0.0
2023-02-19,7,2,1,55,Plant_KR_Paju,Laptop,708,805,805,3000,0.268,0.87,700,105,519,721,499,1.42,307.96,151.4,156.56,221907,112809,0.13,0.919,0,24,0.0
2023-02-19,7,2,1,55,Plant_CN_Hefei,TV,2124,2357,2357,3000,0.786,0.864,2037,320,383,2109,311,6.08,253.56,155.19,98.37,534796,207475,0.1358,0.908,0,26,0.0
2023-02-19,7,2,1,55,Plant_CN_Hefei,Monitor,1257,1552,1552,3000,0.517,0.88,1365,187,765,1269,861,1.56,309.49,152.48,157.01,392850,199296,0.1204,0.959,0,20,0.0
2023-02-19,7,2,1,55,Plant_CN_Hefei,Laptop,785,913,913,3000,0.304,0.907,827,85,613,822,619,1.33,283.56,147.95,135.61,233030,111447,0.0935,0.897,0,16,0.0
2023-02-19,7,2,1,65,Plant_TW_Taichung,TV,1285,1601,1601,3000,0.534,0.892,1429,172,683,1343,769,1.85,392.16,162.47,229.69,526703,308497,0.1076,0.709,1,25,0.0
2023-02-19,7,2,1,65,Plant_TW_Taichung,Monitor,763,917,917,3000,0.306,0.931,854,63,360,785,429,1.99,506.03,155.7,350.33,397114,274929,0.0688,0.708,1,16,0.0
2023-02-19,7,2,1,65,Plant_TW_Taichung,Laptop,681,773,773,3000,0.258,0.921,712,61,397,663,446,1.57,456.71,157.42,299.29,302708,198371,0.0789,0.956,0,17,0.0
2023-02-19,7,2,1,65,Plant_KR_Paju,TV,985,1210,1210,3000,0.403,0.949,1149,62,375,895,628,1.78,405.51,155.61,249.89,363073,223742,0.051,0.921,0,18,0.0
2023-02-19,7,2,1,65,Plant_KR_Paju,Monitor,916,1035,1035,3000,0.345,0.892,923,112,690,944,669,1.39,497.22,165.52,331.7,469255,313041,0.1078,0.948,0,23,0.0
2023-02-19,7,2,1,65,Plant_KR_Paju,Laptop,499,598,598,3000,0.199,0.885,530,69,680,483,727,0.69,495.42,166.85,328.57,239246,158670,0.1149,0.882,0,24,0.0
2023-02-19,7,2,1,65,Plant_CN_Hefei,TV,1201,1384,1384,3000,0.461,0.859,1189,195,343,1178,354,3.38,404.91,174.97,229.94,477151,270964,0.1407,0.939,0,24,0.0
2023-02-19,7,2,1,65,Plant_CN_Hefei,Monitor,963,1073,1073,3000,0.358,0.839,900,172,567,942,525,1.73,484.46,179.15,305.31,456416,287634,0.1607,0.932,0,20,0.0
2023-02-19,7,2,1,65,Plant_CN_Hefei,Laptop,663,794,794,3000,0.265,0.872,692,101,698,688,702,0.98,474.06,172.41,301.65,326175,207551,0.1279,0.943,0,27,0.0
2023-02-26,8,2,1,32,Plant_TW_Taichung,TV,2259,2693,2693,3000,0.898,0.944,2542,152,662,2367,837,3.16,104.12,98.88,5.24,246437,12396,0.0563,0.897,0,20,0.0
2023-02-26,8,2,1,32,Plant_TW_Taichung,Monitor,1995,2440,2440,3000,0.813,0.912,2225,215,400,1928,698,3.51,133.52,102.33,31.19,257379,60119,0.0882,0.959,0,27,0.0
2023-02-26,8,2,1,32,Plant_TW_Taichung,Laptop,1429,1640,1640,3000,0.547,0.92,1509,132,320,1442,387,4.08,123.77,101.46,22.31,178415,32165,0.0803,0.968,0,26,0.0
2023-02-26,8,2,1,32,Plant_KR_Paju,TV,2030,2237,2237,3000,0.746,0.909,2033,203,324,1855,502,4.49,102.92,104.54,-1.63,190941,-3018,0.0909,0.899,0,20,0.0
2023-02-26,8,2,1,32,Plant_KR_Paju,Monitor,1954,2248,2248,3000,0.749,0.915,2056,192,433,1967,522,4.12,129.55,103.92,25.63,254806,50401,0.0855,0.954,0,27,0.0
2023-02-26,8,2,1,32,Plant_KR_Paju,Laptop,1086,1236,1236,3000,0.412,0.893,1104,132,769,1113,760,1.45,123.92,106.44,17.49,137874,19457,0.1071,0.944,0,23,0.0
2023-02-26,8,2,1,32,Plant_CN_Hefei,TV,2395,2893,2893,3000,0.964,0.906,2620,273,606,2317,909,3.06,110.69,106.84,3.85,256488,8911,0.0943,0.936,0,21,0.0
2023-02-26,8,2,1,32,Plant_CN_Hefei,Monitor,2199,2685,2685,3000,0.895,0.875,2349,336,649,2302,696,3.42,133.77,110.6,23.17,307985,53346,0.1251,0.941,0,17,0.0
2023-02-26,8,2,1,32,Plant_CN_Hefei,Laptop,1328,1462,1462,3000,0.487,0.852,1246,216,447,1241,452,2.76,130.25,113.54,16.71,161581,20730,0.1477,0.938,0,19,0.0
2023-02-26,8,2,1,43,Plant_TW_Taichung,TV,2492,2821,2821,3000,0.94,0.935,2638,183,442,2322,758,3.87,154.44,118.21,36.23,358605,84126,0.0649,0.939,0,19,0.0
2023-02-26,8,2,1,43,Plant_TW_Taichung,Monitor,1747,2123,2123,3000,0.708,0.939,1993,129,509,1743,759,2.75,205.41,117.71,87.7,358020,152850,0.061,0.671,1,17,0.0
2023-02-26,8,2,1,43,Plant_TW_Taichung,Laptop,1064,1243,1243,3000,0.414,0.953,1185,58,399,1018,566,2.11,181.99,115.95,66.03,185282,67227,0.0467,0.952,0,26,0.0
2023-02-26,8,2,1,43,Plant_KR_Paju,TV,1895,2097,2097,3000,0.699,0.91,1908,189,514,1742,680,2.92,165.36,123.73,41.64,288064,72535,0.09,0.954,0,18,0.0
2023-02-26,8,2,1,43,Plant_KR_Paju,Monitor,1536,1694,1694,3000,0.565,0.906,1534,160,626,1526,634,2.42,199.17,124.31,74.87,303868,114221,0.0943,0.928,0,18,0.0
2023-02-26,8,2,1,43,Plant_KR_Paju,Laptop,1124,1255,1255,3000,0.418,0.911,1143,112,723,1056,811,1.38,180.42,123.58,56.84,190483,60010,0.089,0.906,0,26,0.0
2023-02-26,8,2,1,43,Plant_CN_Hefei,TV,1983,2249,2249,3000,0.75,0.935,2103,146,633,2006,730,2.94,154.68,122.58,32.1,310315,64394,0.0649,0.957,0,24,0.0
2023-02-26,8,2,1,43,Plant_CN_Hefei,Monitor,1560,1795,1795,3000,0.598,0.917,1647,149,731,1412,966,1.66,199.64,124.99,74.65,281887,105409,0.0828,0.957,0,20,0.0
2023-02-26,8,2,1,43,Plant_CN_Hefei,Laptop,987,1208,1208,3000,0.403,0.883,1067,141,750,960,857,1.19,193.49,129.76,63.73,185799,61200,0.1166,0.883,0,18,0.0
2023-02-26,8,2,1,55,Plant_TW_Taichung,TV,1968,2424,2424,3000,0.808,0.94,2277,146,730,1795,1212,1.85,262.35,137.64,124.71,470934,223854,0.0604,0.892,0,18,0.0
2023-02-26,8,2,1,55,Plant_TW_Taichung,Monitor,1408,1643,1643,3000,0.548,0.98,1610,33,531,1468,673,2.44,306.31,131.97,174.34,449521,255853,0.02,0.938,0,22,0.0
2023-02-26,8,2,1,55,Plant_TW_Taichung,Laptop,874,975,975,3000,0.325,0.912,889,85,641,821,709,1.22,287.28,141.76,145.52,235758,119422,0.0877,0.969,0,23,0.0
2023-02-26,8,2,1,55,Plant_KR_Paju,TV,1649,1831,1831,3000,0.61,0.828,1516,315,452,1484,483,3.17,240.4,159.1,81.3,356877,120687,0.1721,0.962,0,18,0.0
2023-02-26,8,2,1,55,Plant_KR_Paju,Monitor,998,1243,1243,3000,0.414,0.893,1110,132,723,968,865,1.22,306.38,147.44,158.94,296593,153860,0.1066,0.933,0,28,0.0
2023-02-26,8,2,1,55,Plant_KR_Paju,Laptop,628,691,691,3000,0.23,0.838,579,112,489,643,425,1.41,304.11,157.2,146.91,195633,94510,0.162,0.922,0,20,0.0
2023-02-26,8,2,1,55,Plant_CN_Hefei,TV,1968,2316,2316,3000,0.772,0.891,2064,252,564,2012,616,3.41,246.57,150.47,96.1,496054,193330,0.1087,0.928,0,26,0.0
2023-02-26,8,2,1,55,Plant_CN_Hefei,Monitor,1343,1653,1653,3000,0.551,0.875,1446,207,696,1344,797,1.8,293.98,153.35,140.63,395236,189065,0.1254,0.964,0,28,0.0
2023-02-26,8,2,1,55,Plant_CN_Hefei,Laptop,916,1065,1065,3000,0.355,0.905,964,101,408,908,464,2.08,288.4,148.21,140.19,261810,127264,0.0951,0.966,0,25,0.0
2023-02-26,8,2,1,65,Plant_TW_Taichung,TV,1419,1745,1745,3000,0.582,0.915,1596,149,473,1288,781,2.06,395.18,158.54,236.65,509131,304883,0.0854,0.701,1,17,0.0
2023-02-26,8,2,1,65,Plant_TW_Taichung,Monitor,824,989,989,3000,0.33,0.938,927,62,784,756,954,0.87,490.99,154.63,336.35,371423,254446,0.0624,0.886,0,25,0.0
2023-02-26,8,2,1,65,Plant_TW_Taichung,Laptop,605,734,734,3000,0.245,0.953,699,35,557,605,651,1.0,480.94,152.21,328.73,291199,199039,0.0474,0.933,0,25,0.0
2023-02-26,8,2,1,65,Plant_KR_Paju,TV,1175,1316,1316,3000,0.439,0.914,1203,114,416,1216,403,2.97,387.44,161.65,225.79,471160,274581,0.0865,0.893,0,16,0.0
2023-02-26,8,2,1,65,Plant_KR_Paju,Monitor,886,1045,1045,3000,0.348,0.868,907,138,534,862,579,1.55,498.82,170.18,328.64,429740,283127,0.1322,0.668,1,16,0.0
2023-02-26,8,2,1,65,Plant_KR_Paju,Laptop,520,609,609,3000,0.203,0.931,567,42,719,521,765,0.7,461.89,158.55,303.34,240464,157923,0.0686,0.951,0,27,0.0
2023-02-26,8,2,1,65,Plant_CN_Hefei,TV,1277,1479,1479,3000,0.493,0.87,1286,192,494,1314,466,2.74,421.87,172.84,249.03,554278,327193,0.1301,0.909,0,25,0.0
2023-02-26,8,2,1,65,Plant_CN_Hefei,Monitor,952,1051,1051,3000,0.35,0.897,943,108,589,880,652,1.42,491.56,167.57,323.99,432806,285267,0.1027,0.96,0,16,0.0
2023-02-26,8,2,1,65,Plant_CN_Hefei,Laptop,845,973,973,3000,0.324,0.808,786,187,501,843,445,1.78,478.97,186.03,292.94,403598,246840,0.1918,0.886,0,26,0.0
2023-03-05,9,3,1,32,Plant_TW_Taichung,TV,2441,2933,2933,3000,0.978,0.871,2555,378,415,2409,561,4.94,108.64,107.12,1.53,261725,3683,0.1289,0.895,0,17,0.0
2023-03-05,9,3,1,32,Plant_TW_Taichung,Monitor,1837,2029,2029,3000,0.676,0.958,1944,85,742,1800,886,2.21,127.19,97.39,29.81,228973,53659,0.0418,0.899,0,26,0.0
2023-03-05,9,3,1,32,Plant_TW_Taichung,Laptop,1261,1417,1417,3000,0.472,0.866,1227,190,784,1293,718,1.72,124.37,107.76,16.6,160780,21463,0.1341,0.923,0,21,0.0
2023-03-05,9,3,1,32,Plant_KR_Paju,TV,2474,3028,3000,3000,1.0,0.889,2668,332,668,2259,1077,2.59,109.15,106.86,2.29,246599,5173,0.1106,0.883,0,21,0.0
2023-03-05,9,3,1,32,Plant_KR_Paju,Monitor,1691,1899,1899,3000,0.633,0.952,1808,91,641,1584,864,2.1,136.47,99.83,36.63,216206,58039,0.048,0.954,0,28,0.0
2023-03-05,9,3,1,32,Plant_KR_Paju,Laptop,1043,1156,1156,3000,0.385,0.967,1118,38,729,1045,802,1.36,122.66,98.29,24.37,128128,25458,0.0331,0.929,0,16,0.0
2023-03-05,9,3,1,32,Plant_CN_Hefei,TV,2997,3360,3000,3000,1.0,0.942,2827,173,438,2791,474,6.12,111.05,102.7,8.35,309933,23299,0.0578,0.907,0,21,0.0
2023-03-05,9,3,1,32,Plant_CN_Hefei,Monitor,2089,2493,2493,3000,0.831,0.852,2125,368,464,2109,479,4.47,127.35,113.52,13.83,268629,29175,0.1476,0.944,0,21,0.0
2023-03-05,9,3,1,32,Plant_CN_Hefei,Laptop,1294,1610,1610,3000,0.537,0.888,1429,181,472,1253,648,2.24,120.18,109.02,11.16,150640,13986,0.1124,0.929,0,20,0.0
2023-03-05,9,3,1,43,Plant_TW_Taichung,TV,2459,2807,2807,3000,0.936,0.934,2621,185,345,2226,741,4.1,169.61,118.35,51.26,377500,114096,0.066,0.926,0,27,0.0
2023-03-05,9,3,1,43,Plant_TW_Taichung,Monitor,1530,1881,1881,3000,0.627,0.867,1630,251,401,1497,535,3.2,199.24,127.52,71.72,298202,107340,0.1332,0.935,0,24,0.0
2023-03-05,9,3,1,43,Plant_TW_Taichung,Laptop,1039,1256,1256,3000,0.419,0.958,1204,53,736,1088,851,1.37,187.25,115.4,71.85,203800,78201,0.0421,0.949,0,19,0.0
2023-03-05,9,3,1,43,Plant_KR_Paju,TV,2223,2604,2604,3000,0.868,0.869,2264,340,362,2295,331,6.63,161.16,129.51,31.65,369885,72642,0.1307,0.936,0,22,0.0
2023-03-05,9,3,1,43,Plant_KR_Paju,Monitor,1119,1311,1311,3000,0.437,0.876,1149,162,648,1013,784,1.41,205.37,128.5,76.87,207952,77837,0.1238,0.937,0,20,0.0
2023-03-05,9,3,1,43,Plant_KR_Paju,Laptop,934,1140,1140,3000,0.38,0.873,996,145,356,952,400,2.52,198.27,128.94,69.33,188716,65992,0.1268,0.97,0,23,0.0
2023-03-05,9,3,1,43,Plant_CN_Hefei,TV,2221,2448,2448,3000,0.816,0.859,2104,344,364,2113,355,5.88,164.15,133.37,30.78,346847,65036,0.1405,0.66,1,23,0.0
2023-03-05,9,3,1,43,Plant_CN_Hefei,Monitor,1876,2249,2249,3000,0.75,0.898,2019,230,493,1718,794,2.67,196.0,127.72,68.28,336728,117310,0.1025,0.905,0,19,0.0
2023-03-05,9,3,1,43,Plant_CN_Hefei,Laptop,1165,1293,1293,3000,0.431,0.893,1155,138,654,1144,665,1.74,191.5,128.3,63.2,219168,72332,0.1065,0.943,0,28,0.0
2023-03-05,9,3,1,55,Plant_TW_Taichung,TV,2080,2452,2452,3000,0.817,0.906,2221,230,674,2135,760,2.98,245.5,142.73,102.77,524186,219432,0.0939,0.893,0,25,0.0
2023-03-05,9,3,1,55,Plant_TW_Taichung,Monitor,1184,1355,1355,3000,0.452,0.913,1238,117,589,1116,711,1.72,317.35,141.59,175.76,354044,196082,0.0866,0.916,0,26,0.0
2023-03-05,9,3,1,55,Plant_TW_Taichung,Laptop,712,845,845,3000,0.282,0.925,782,63,457,745,494,1.57,297.04,139.79,157.25,221326,117167,0.0748,0.938,0,21,0.0
2023-03-05,9,3,1,55,Plant_KR_Paju,TV,1386,1675,1675,3000,0.558,0.936,1567,107,331,1341,557,3.02,254.16,140.72,113.44,340841,152132,0.0639,0.886,0,17,0.0
2023-03-05,9,3,1,55,Plant_KR_Paju,Monitor,994,1200,1200,3000,0.4,0.914,1097,103,321,979,439,2.57,296.29,144.07,152.22,290049,149013,0.0857,0.945,0,27,0.0
2023-03-05,9,3,1,55,Plant_KR_Paju,Laptop,791,904,904,3000,0.301,0.915,827,77,637,810,655,1.25,300.52,143.94,156.58,243298,126768,0.0848,0.916,0,24,0.0
2023-03-05,9,3,1,55,Plant_CN_Hefei,TV,1549,1823,1823,3000,0.608,0.87,1586,237,605,1503,688,2.32,247.98,154.13,93.85,372588,141003,0.1298,0.887,0,27,0.0
2023-03-05,9,3,1,55,Plant_CN_Hefei,Monitor,1139,1315,1315,3000,0.438,0.885,1163,152,446,1122,487,2.4,319.29,151.61,167.68,358248,188143,0.1153,0.962,0,18,0.0
2023-03-05,9,3,1,55,Plant_CN_Hefei,Laptop,942,1165,1165,3000,0.388,0.892,1039,126,720,865,895,1.07,280.54,150.41,130.14,242540,112508,0.1083,0.964,0,24,0.0
2023-03-05,9,3,1,65,Plant_TW_Taichung,TV,1428,1571,1571,3000,0.524,0.917,1441,131,322,1339,423,3.59,420.21,158.13,262.08,562791,351005,0.0831,0.905,0,26,0.0
2023-03-05,9,3,1,65,Plant_TW_Taichung,Monitor,1091,1315,1315,3000,0.438,0.901,1185,130,766,1085,866,1.33,519.72,160.84,358.89,564065,389506,0.0985,0.925,0,22,0.0
2023-03-05,9,3,1,65,Plant_TW_Taichung,Laptop,660,769,769,3000,0.256,0.911,700,69,602,605,697,0.93,478.85,159.24,319.61,289745,193392,0.0895,0.88,0,22,0.0
2023-03-05,9,3,1,65,Plant_KR_Paju,TV,1315,1529,1529,3000,0.51,0.91,1391,138,315,1257,449,3.29,419.98,162.32,257.66,527847,323841,0.0902,0.938,0,19,0.0
2023-03-05,9,3,1,65,Plant_KR_Paju,Monitor,891,1061,1061,3000,0.354,0.909,964,97,461,854,571,1.66,516.32,162.46,353.87,441155,302351,0.091,0.946,0,21,0.0
2023-03-05,9,3,1,65,Plant_KR_Paju,Laptop,628,728,728,3000,0.243,0.873,636,93,655,574,717,0.84,450.91,169.16,281.75,258647,161614,0.127,0.954,0,21,0.0
2023-03-05,9,3,1,65,Plant_CN_Hefei,TV,1461,1666,1666,3000,0.555,0.899,1498,168,352,1466,384,3.98,394.55,167.22,227.32,578365,333231,0.1008,0.955,0,16,0.0
2023-03-05,9,3,1,65,Plant_CN_Hefei,Monitor,864,1004,1004,3000,0.335,0.803,806,198,316,895,227,3.29,483.45,187.22,296.23,432542,265039,0.1969,0.959,0,25,0.0
2023-03-05,9,3,1,65,Plant_CN_Hefei,Laptop,732,879,879,3000,0.293,0.874,769,111,639,708,699,1.06,461.5,171.98,289.52,326879,205064,0.1257,0.892,0,27,0.0
2023-03-12,10,3,1,32,Plant_TW_Taichung,TV,2245,2475,2475,3000,0.825,0.94,2327,148,461,2081,706,3.57,107.3,99.25,8.06,223332,16765,0.0598,0.911,0,22,0.0
2023-03-12,10,3,1,32,Plant_TW_Taichung,Monitor,1861,2145,2145,3000,0.715,0.938,2011,133,425,1834,602,3.57,132.9,99.51,33.39,243799,61258,0.0622,0.929,0,19,0.0
2023-03-12,10,3,1,32,Plant_TW_Taichung,Laptop,1503,1659,1659,3000,0.553,0.925,1535,124,516,1419,632,2.47,122.31,100.86,21.45,173505,30433,0.0748,0.961,0,28,0.0
2023-03-12,10,3,1,32,Plant_KR_Paju,TV,2118,2408,2408,3000,0.803,0.907,2185,223,711,2056,839,2.65,103.24,104.75,-1.5,212305,-3091,0.0927,0.932,0,23,0.0
2023-03-12,10,3,1,32,Plant_KR_Paju,Monitor,1958,2384,2384,3000,0.795,0.901,2147,237,442,1927,662,3.49,135.66,105.53,30.13,261380,58052,0.0994,0.945,0,22,0.0
2023-03-12,10,3,1,32,Plant_KR_Paju,Laptop,1017,1214,1214,3000,0.405,0.907,1101,113,693,964,830,1.27,123.18,104.79,18.39,118705,17718,0.0931,0.927,0,19,0.0
2023-03-12,10,3,1,32,Plant_CN_Hefei,TV,2774,3332,3000,3000,1.0,0.856,2567,433,351,2637,281,8.35,110.43,113.09,-2.66,291210,-7014,0.1443,0.885,0,17,0.0
2023-03-12,10,3,1,32,Plant_CN_Hefei,Monitor,2187,2711,2711,3000,0.904,0.842,2284,428,383,2176,491,4.98,131.31,114.89,16.42,285682,35724,0.1577,0.966,0,26,0.0
2023-03-12,10,3,1,32,Plant_CN_Hefei,Laptop,1604,1849,1849,3000,0.616,0.9,1664,186,745,1554,855,1.94,126.59,107.56,19.02,196697,29560,0.1004,0.884,0,21,0.0
2023-03-12,10,3,1,43,Plant_TW_Taichung,TV,2152,2435,2435,3000,0.812,0.926,2254,181,534,2155,633,3.69,156.12,119.43,36.69,336368,79047,0.0745,0.927,0,27,0.0
2023-03-12,10,3,1,43,Plant_TW_Taichung,Monitor,1638,1829,1829,3000,0.61,0.919,1681,148,483,1649,515,3.31,207.53,120.27,87.26,342229,143901,0.0809,0.903,0,24,0.0
2023-03-12,10,3,1,43,Plant_TW_Taichung,Laptop,1285,1447,1447,3000,0.482,0.98,1418,29,657,1276,799,1.75,198.09,112.79,85.3,252766,108842,0.02,0.951,0,26,0.0
2023-03-12,10,3,1,43,Plant_KR_Paju,TV,1865,2247,2247,3000,0.749,0.916,2058,189,717,1891,884,2.36,156.52,122.94,33.58,295908,63485,0.0842,0.945,0,16,0.0
2023-03-12,10,3,1,43,Plant_KR_Paju,Monitor,1363,1659,1659,3000,0.553,0.896,1487,172,383,1342,528,2.95,203.38,125.6,77.77,272950,104379,0.1037,0.881,0,25,0.0
2023-03-12,10,3,1,43,Plant_KR_Paju,Laptop,1103,1275,1275,3000,0.425,0.941,1200,75,768,1029,939,1.21,185.63,119.64,65.99,191031,67907,0.059,0.946,0,26,0.0
2023-03-12,10,3,1,43,Plant_CN_Hefei,TV,2182,2480,2480,3000,0.827,0.887,2200,280,648,2121,727,3.08,164.63,129.24,35.4,349167,75070,0.113,0.906,0,23,0.0
2023-03-12,10,3,1,43,Plant_CN_Hefei,Monitor,2026,2519,2519,3000,0.84,0.98,2469,50,626,1936,1158,2.17,195.87,116.97,78.9,379293,152784,0.02,0.963,0,16,0.0
2023-03-12,10,3,1,43,Plant_CN_Hefei,Laptop,1183,1350,1350,3000,0.45,0.836,1129,221,316,1205,240,4.33,184.29,137.1,47.19,221987,56842,0.1639,0.912,0,19,0.0
2023-03-12,10,3,1,55,Plant_TW_Taichung,TV,2004,2476,2476,3000,0.825,0.896,2218,258,492,1857,854,2.76,261.24,144.36,116.88,485053,217016,0.1041,0.966,0,20,0.0
2023-03-12,10,3,1,55,Plant_TW_Taichung,Monitor,1340,1587,1587,3000,0.529,0.942,1496,91,448,1310,634,2.42,315.97,137.24,178.73,413876,234115,0.0576,0.912,0,22,0.0
2023-03-12,10,3,1,55,Plant_TW_Taichung,Laptop,1037,1280,1280,3000,0.427,0.962,1232,48,661,1072,821,1.45,295.31,134.39,160.92,316489,172458,0.0377,0.903,0,18,0.0
2023-03-12,10,3,1,55,Plant_KR_Paju,TV,1643,1816,1816,3000,0.605,0.888,1612,204,793,1497,909,1.76,241.14,148.37,92.77,360896,138847,0.1122,0.926,0,18,0.0
2023-03-12,10,3,1,55,Plant_KR_Paju,Monitor,929,1137,1137,3000,0.379,0.88,1001,136,303,857,447,2.29,319.58,149.62,169.96,274008,145725,0.1196,0.905,0,22,0.0
2023-03-12,10,3,1,55,Plant_KR_Paju,Laptop,929,1076,1076,3000,0.359,0.936,1008,68,480,942,545,1.84,279.3,140.67,138.63,263189,130632,0.0636,0.927,0,20,0.0
2023-03-12,10,3,1,55,Plant_CN_Hefei,TV,2109,2383,2383,3000,0.794,0.91,2168,215,641,2129,681,3.22,263.76,147.41,116.36,561454,247676,0.0902,0.94,0,24,0.0
2023-03-12,10,3,1,55,Plant_CN_Hefei,Monitor,1544,1796,1796,3000,0.599,0.875,1572,224,605,1597,580,2.7,317.8,153.26,164.54,507583,262798,0.1249,0.904,0,24,0.0
2023-03-12,10,3,1,55,Plant_CN_Hefei,Laptop,918,1134,1134,3000,0.378,0.862,978,156,448,847,579,1.65,290.49,155.58,134.91,245996,114249,0.1379,0.948,0,26,0.0
2023-03-12,10,3,1,65,Plant_TW_Taichung,TV,1198,1411,1411,3000,0.47,0.963,1358,53,764,1249,873,1.53,386.47,150.61,235.86,482837,294669,0.0373,0.934,0,19,0.0
2023-03-12,10,3,1,65,Plant_TW_Taichung,Monitor,973,1089,1089,3000,0.363,0.964,1050,40,490,950,590,1.76,488.53,150.45,338.08,464016,321114,0.0363,0.954,0,23,0.0
2023-03-12,10,3,1,65,Plant_TW_Taichung,Laptop,576,642,642,3000,0.214,0.929,596,45,497,598,496,1.2,481.69,156.01,325.68,287827,194605,0.0706,0.958,0,16,0.0
2023-03-12,10,3,1,65,Plant_KR_Paju,TV,965,1069,1069,3000,0.356,0.889,950,119,639,1010,579,1.66,419.44,166.12,253.32,423721,255903,0.111,0.945,0,28,0.0
2023-03-12,10,3,1,65,Plant_KR_Paju,Monitor,980,1151,1151,3000,0.384,0.886,1020,131,750,953,817,1.22,495.33,166.64,328.69,472168,313323,0.1138,0.962,0,16,0.0
2023-03-12,10,3,1,65,Plant_KR_Paju,Laptop,481,590,590,3000,0.197,0.898,530,60,687,473,743,0.66,472.55,164.41,308.14,223712,145876,0.1018,0.928,0,23,0.0
2023-03-12,10,3,1,65,Plant_CN_Hefei,TV,1192,1401,1401,3000,0.467,0.894,1252,149,582,1159,675,1.84,389.55,168.25,221.29,451350,256402,0.1064,0.944,0,18,0.0
2023-03-12,10,3,1,65,Plant_CN_Hefei,Monitor,974,1091,1091,3000,0.364,0.846,924,167,675,996,602,1.56,495.08,177.63,317.45,493208,316249,0.1535,0.681,1,22,0.0
2023-03-12,10,3,1,65,Plant_CN_Hefei,Laptop,747,915,915,3000,0.305,0.85,777,138,382,743,417,1.86,460.57,176.97,283.6,341974,210574,0.1504,0.897,0,27,0.0
2023-03-19,11,3,1,32,Plant_TW_Taichung,TV,2416,2768,2768,3000,0.923,0.957,2651,118,396,2330,717,4.19,112.08,97.45,14.63,261171,34085,0.0425,0.902,0,16,0.0
2023-03-19,11,3,1,32,Plant_TW_Taichung,Monitor,1690,1968,1968,3000,0.656,0.875,1721,247,318,1692,347,5.09,126.35,106.7,19.65,213836,33263,0.1255,0.914,0,16,0.0
2023-03-19,11,3,1,32,Plant_TW_Taichung,Laptop,1395,1675,1675,3000,0.558,0.884,1481,194,702,1420,764,1.94,127.27,105.5,21.77,180684,30905,0.1156,0.909,0,25,0.0
2023-03-19,11,3,1,32,Plant_KR_Paju,TV,2770,3052,3000,3000,1.0,0.916,2747,253,361,2709,399,7.13,104.54,103.8,0.74,283157,2003,0.0844,0.89,0,24,0.0
2023-03-19,11,3,1,32,Plant_KR_Paju,Monitor,1821,2196,2196,3000,0.732,0.845,1855,341,503,1660,698,2.76,133.39,112.52,20.87,221370,34631,0.1554,0.947,0,17,0.0
2023-03-19,11,3,1,32,Plant_KR_Paju,Laptop,1087,1303,1303,3000,0.434,0.872,1136,167,321,1002,455,2.58,127.2,108.98,18.23,127427,18257,0.1279,0.963,0,19,0.0
2023-03-19,11,3,1,32,Plant_CN_Hefei,TV,2669,2972,2972,3000,0.991,0.93,2765,207,666,2623,808,3.56,109.53,104.03,5.5,287317,14430,0.0698,0.914,0,26,0.0
2023-03-19,11,3,1,32,Plant_CN_Hefei,Monitor,2176,2624,2624,3000,0.875,0.92,2415,209,347,2149,613,4.48,132.34,105.16,27.18,284373,58408,0.0798,0.88,0,19,0.0
2023-03-19,11,3,1,32,Plant_CN_Hefei,Laptop,1711,1910,1910,3000,0.637,0.897,1712,198,678,1739,652,2.62,127.58,107.93,19.64,221804,34151,0.1035,0.885,0,16,0.0
2023-03-19,11,3,1,43,Plant_TW_Taichung,TV,1774,2106,2106,3000,0.702,0.93,1959,147,604,1740,823,2.44,169.12,118.83,50.29,294337,87527,0.0698,0.945,0,25,0.0
2023-03-19,11,3,1,43,Plant_TW_Taichung,Monitor,1687,1911,1911,3000,0.637,0.919,1756,154,582,1628,710,2.52,189.93,120.25,69.69,309303,113482,0.0808,0.962,0,27,0.0
2023-03-19,11,3,1,43,Plant_TW_Taichung,Laptop,1259,1539,1539,3000,0.513,0.98,1508,31,678,1270,917,1.59,179.72,112.79,66.93,228193,84978,0.02,0.935,0,24,0.0
2023-03-19,11,3,1,43,Plant_KR_Paju,TV,2115,2549,2549,3000,0.85,0.918,2339,210,544,2182,701,3.51,165.87,122.69,43.17,361932,94208,0.0824,0.677,1,24,0.0
2023-03-19,11,3,1,43,Plant_KR_Paju,Monitor,1118,1242,1242,3000,0.414,0.866,1076,166,589,1016,649,1.64,197.19,129.98,67.2,200400,68298,0.1339,0.935,0,26,0.0
2023-03-19,11,3,1,43,Plant_KR_Paju,Laptop,1028,1188,1188,3000,0.396,0.923,1096,91,426,1052,471,2.35,197.18,121.97,75.21,207360,79090,0.077,0.898,0,25,0.0
2023-03-19,11,3,1,43,Plant_CN_Hefei,TV,2433,2769,2769,3000,0.923,0.87,2409,360,390,2380,419,5.89,155.01,131.76,23.25,368949,55336,0.13,0.963,0,21,0.0
2023-03-19,11,3,1,43,Plant_CN_Hefei,Monitor,1897,2182,2182,3000,0.727,0.867,1892,289,357,1778,471,4.29,202.07,132.16,69.91,359290,124305,0.1326,0.92,0,27,0.0
2023-03-19,11,3,1,43,Plant_CN_Hefei,Laptop,1038,1264,1264,3000,0.421,0.921,1164,100,317,1062,418,2.89,185.08,124.48,60.59,196642,64382,0.0791,0.882,0,19,0.0
2023-03-19,11,3,1,55,Plant_TW_Taichung,TV,1824,2117,2117,3000,0.706,0.906,1918,199,775,1670,1023,1.86,258.66,142.78,115.88,431969,193528,0.0942,0.939,0,16,0.0
2023-03-19,11,3,1,55,Plant_TW_Taichung,Monitor,1441,1609,1609,3000,0.536,0.919,1479,130,712,1312,879,1.65,298.32,140.72,157.6,391423,206789,0.0809,0.959,0,28,0.0
2023-03-19,11,3,1,55,Plant_TW_Taichung,Laptop,995,1161,1161,3000,0.387,0.917,1064,97,533,975,622,1.69,289.79,141.06,148.74,282651,145072,0.0831,0.955,0,24,0.0
2023-03-19,11,3,1,55,Plant_KR_Paju,TV,1792,2029,2029,3000,0.676,0.923,1874,155,354,1869,359,5.24,247.63,142.65,104.98,462780,196189,0.0766,0.926,0,22,0.0
2023-03-19,11,3,1,55,Plant_KR_Paju,Monitor,990,1136,1136,3000,0.379,0.886,1006,130,724,1018,712,1.42,313.45,148.71,164.74,319208,167762,0.1142,0.957,0,18,0.0
2023-03-19,11,3,1,55,Plant_KR_Paju,Laptop,765,843,843,3000,0.281,0.931,785,58,756,707,834,0.89,299.11,141.49,157.62,211416,111408,0.069,0.942,0,22,0.0
2023-03-19,11,3,1,55,Plant_CN_Hefei,TV,1881,2279,2279,3000,0.76,0.883,2012,267,407,1839,580,3.72,243.47,151.9,91.57,447653,168361,0.117,0.882,0,26,0.0
2023-03-19,11,3,1,55,Plant_CN_Hefei,Monitor,1481,1825,1825,3000,0.608,0.914,1668,158,421,1412,677,2.57,295.84,146.8,149.04,417667,210418,0.0864,0.927,0,27,0.0
2023-03-19,11,3,1,55,Plant_CN_Hefei,Laptop,895,1007,1007,3000,0.336,0.856,861,145,417,835,443,1.94,307.52,156.77,150.75,256720,125850,0.1445,0.93,0,16,0.0
2023-03-19,11,3,1,65,Plant_TW_Taichung,TV,1282,1515,1515,3000,0.505,0.893,1353,162,629,1233,748,1.79,415.27,162.36,252.91,512222,311959,0.107,0.909,0,28,0.0
2023-03-19,11,3,1,65,Plant_TW_Taichung,Monitor,1061,1268,1268,3000,0.423,0.89,1128,140,732,1034,826,1.33,516.44,162.99,353.45,533864,365379,0.1104,0.968,0,16,0.0
2023-03-19,11,3,1,65,Plant_TW_Taichung,Laptop,582,675,675,3000,0.225,0.923,623,52,604,584,643,0.94,485.4,157.16,328.24,283239,191534,0.0774,0.95,0,16,0.0
2023-03-19,11,3,1,65,Plant_KR_Paju,TV,1358,1631,1631,3000,0.544,0.928,1513,117,790,1362,941,1.57,395.01,159.11,235.9,538106,321353,0.0719,0.709,1,23,0.0
2023-03-19,11,3,1,65,Plant_KR_Paju,Monitor,916,1071,1071,3000,0.357,0.893,957,114,385,940,402,2.39,494.26,165.31,328.95,464558,309179,0.1067,0.951,0,28,0.0
2023-03-19,11,3,1,65,Plant_KR_Paju,Laptop,519,637,637,3000,0.212,0.897,572,65,480,499,553,0.97,479.48,164.58,314.9,239162,157072,0.1027,0.679,1,17,0.0
2023-03-19,11,3,1,65,Plant_CN_Hefei,TV,1200,1479,1479,3000,0.493,0.911,1347,132,503,1113,736,1.8,414.84,165.1,249.74,461794,278005,0.0893,0.929,0,16,0.0
2023-03-19,11,3,1,65,Plant_CN_Hefei,Monitor,843,975,975,3000,0.325,0.871,849,126,747,878,718,1.2,472.37,172.6,299.77,414809,263243,0.1288,0.886,0,23,0.0
2023-03-19,11,3,1,65,Plant_CN_Hefei,Laptop,601,694,694,3000,0.231,0.92,639,55,359,606,392,1.61,479.91,163.37,316.54,290730,191762,0.0796,0.881,0,26,0.0
2023-03-26,12,3,1,32,Plant_TW_Taichung,TV,2990,3667,3000,3000,1.0,0.963,2890,110,781,3038,634,4.29,108.52,96.86,11.66,329641,35431,0.0366,0.712,1,25,0.0
2023-03-26,12,3,1,32,Plant_TW_Taichung,Monitor,1884,2219,2219,3000,0.74,0.878,1949,270,617,1922,644,3.05,132.24,106.24,26.0,254164,49973,0.1217,0.94,0,27,0.0
2023-03-26,12,3,1,32,Plant_TW_Taichung,Laptop,1448,1630,1630,3000,0.543,0.925,1507,123,712,1338,881,1.68,122.95,100.93,22.02,164461,29459,0.0755,0.919,0,25,0.0
2023-03-26,12,3,1,32,Plant_KR_Paju,TV,2746,3259,3000,3000,1.0,0.896,2689,311,769,2784,675,3.86,105.91,106.02,-0.1,294819,-284,0.1035,0.944,0,23,0.0
2023-03-26,12,3,1,32,Plant_KR_Paju,Monitor,1722,1942,1942,3000,0.647,0.931,1808,134,521,1784,545,3.35,132.09,102.08,30.01,235704,53552,0.069,0.887,0,17,0.0
2023-03-26,12,3,1,32,Plant_KR_Paju,Laptop,1014,1183,1183,3000,0.394,0.909,1075,108,578,1013,640,1.66,129.73,104.61,25.13,131396,25450,0.0914,0.942,0,18,0.0
2023-03-26,12,3,1,32,Plant_CN_Hefei,TV,3414,4081,3000,3000,1.0,0.845,2534,466,455,2989,0,13.14,105.61,114.55,-8.95,315681,-26745,0.1553,0.954,0,25,0.124
2023-03-26,12,3,1,32,Plant_CN_Hefei,Monitor,2165,2646,2646,3000,0.882,0.853,2257,389,687,2098,846,2.74,138.38,113.42,24.95,290306,52353,0.1469,0.95,0,19,0.0
2023-03-26,12,3,1,32,Plant_CN_Hefei,Laptop,1376,1602,1602,3000,0.534,0.89,1427,175,419,1415,431,3.33,129.58,108.67,20.91,183354,29585,0.1095,0.898,0,23,0.0
2023-03-26,12,3,1,43,Plant_TW_Taichung,TV,2046,2527,2527,3000,0.842,0.873,2207,321,403,2046,563,4.24,155.43,126.61,28.82,318051,58969,0.1269,0.953,0,28,0.0
2023-03-26,12,3,1,43,Plant_TW_Taichung,Monitor,1273,1419,1419,3000,0.473,0.943,1338,81,757,1147,947,1.35,197.32,117.26,80.07,226365,91851,0.0573,0.907,0,28,0.0
2023-03-26,12,3,1,43,Plant_TW_Taichung,Laptop,937,1034,1034,3000,0.345,0.938,970,64,486,963,493,1.97,187.22,117.8,69.43,180277,66850,0.0616,0.665,1,20,0.0
2023-03-26,12,3,1,43,Plant_KR_Paju,TV,1768,1948,1948,3000,0.649,0.919,1790,158,779,1673,896,2.0,156.05,122.55,33.5,261055,56035,0.0813,0.88,0,18,0.0
2023-03-26,12,3,1,43,Plant_KR_Paju,Monitor,1455,1789,1789,3000,0.596,0.94,1682,108,437,1395,724,2.4,189.47,119.79,69.68,264282,97198,0.0601,0.946,0,17,0.0
2023-03-26,12,3,1,43,Plant_KR_Paju,Laptop,1072,1242,1242,3000,0.414,0.915,1136,106,707,1026,817,1.35,186.57,123.04,63.53,191401,65171,0.085,0.937,0,20,0.0
2023-03-26,12,3,1,43,Plant_CN_Hefei,TV,2900,3617,3000,3000,1.0,0.838,2514,486,687,2984,217,6.6,161.37,136.79,24.58,481582,73360,0.162,0.925,0,26,0.0
2023-03-26,12,3,1,43,Plant_CN_Hefei,Monitor,1920,2216,2216,3000,0.739,0.886,1963,252,642,1926,679,2.92,201.9,129.37,72.53,388967,139731,0.1139,0.905,0,18,0.0
2023-03-26,12,3,1,43,Plant_CN_Hefei,Laptop,1330,1625,1625,3000,0.542,0.9,1461,163,492,1233,721,2.03,192.88,127.43,65.45,237763,80678,0.1004,0.94,0,28,0.0
2023-03-26,12,3,1,55,Plant_TW_Taichung,TV,2076,2302,2302,3000,0.767,0.915,2106,197,595,2118,583,3.6,263.62,141.4,122.21,558419,258885,0.0854,0.924,0,28,0.0
2023-03-26,12,3,1,55,Plant_TW_Taichung,Monitor,1061,1259,1259,3000,0.42,0.882,1110,149,529,1058,582,1.9,295.02,146.64,148.38,311984,156913,0.118,0.889,0,26,0.0
2023-03-26,12,3,1,55,Plant_TW_Taichung,Laptop,722,798,798,3000,0.266,0.896,715,83,427,717,425,1.68,286.54,144.38,142.16,205405,101909,0.1042,0.934,0,28,0.0
2023-03-26,12,3,1,55,Plant_KR_Paju,TV,1886,2268,2268,3000,0.756,0.896,2031,237,454,1906,579,3.69,246.62,147.09,99.53,469991,189674,0.1045,0.97,0,19,0.0
2023-03-26,12,3,1,55,Plant_KR_Paju,Monitor,983,1183,1183,3000,0.394,0.949,1123,61,506,1010,619,1.79,294.52,138.84,155.68,297345,157176,0.0512,0.886,0,22,0.0
2023-03-26,12,3,1,55,Plant_KR_Paju,Laptop,759,911,911,3000,0.304,0.942,859,53,597,790,666,1.25,281.8,139.8,142.0,222604,112170,0.0578,0.886,0,27,0.0
2023-03-26,12,3,1,55,Plant_CN_Hefei,TV,1679,1967,1967,3000,0.656,0.877,1724,243,383,1756,351,4.79,258.53,152.99,105.54,454027,185350,0.1233,0.92,0,23,0.0
2023-03-26,12,3,1,55,Plant_CN_Hefei,Monitor,1168,1322,1322,3000,0.441,0.857,1132,189,491,1104,519,2.19,299.76,156.52,143.24,330971,158151,0.1431,0.903,0,16,0.0
2023-03-26,12,3,1,55,Plant_CN_Hefei,Laptop,911,1044,1044,3000,0.348,0.886,925,119,465,938,451,2.05,283.85,151.38,132.47,266374,124316,0.114,0.924,0,22,0.0
2023-03-26,12,3,1,65,Plant_TW_Taichung,TV,1429,1704,1704,3000,0.568,0.929,1583,122,489,1316,756,2.11,408.27,156.14,252.13,537123,331706,0.0714,0.893,0,18,0.0
2023-03-26,12,3,1,65,Plant_TW_Taichung,Monitor,740,834,834,3000,0.278,0.915,763,71,522,700,585,1.27,510.96,158.43,352.53,357854,246897,0.0848,0.688,1,24,0.0
2023-03-26,12,3,1,65,Plant_TW_Taichung,Laptop,578,666,666,3000,0.222,0.951,634,33,317,578,372,1.68,485.59,152.45,333.14,280865,192689,0.0489,0.908,0,22,0.0
2023-03-26,12,3,1,65,Plant_KR_Paju,TV,1350,1685,1685,3000,0.562,0.892,1502,183,518,1320,700,2.17,403.82,165.62,238.2,533239,314536,0.1084,0.93,0,21,0.0
2023-03-26,12,3,1,65,Plant_KR_Paju,Monitor,944,1090,1090,3000,0.363,0.925,1008,81,526,963,571,1.75,476.35,159.59,316.76,458702,305027,0.0746,0.917,0,23,0.0
2023-03-26,12,3,1,65,Plant_KR_Paju,Laptop,522,649,649,3000,0.216,0.908,589,60,487,508,568,0.96,479.34,162.66,316.68,243509,160875,0.0921,0.93,0,24,0.0
2023-03-26,12,3,1,65,Plant_CN_Hefei,TV,1592,1818,1818,3000,0.606,0.842,1532,287,490,1569,452,3.33,392.25,178.5,213.75,615620,335472,0.1577,0.9,0,28,0.0
2023-03-26,12,3,1,65,Plant_CN_Hefei,Monitor,978,1209,1209,3000,0.403,0.921,1114,95,546,964,695,1.55,477.33,163.18,314.15,460339,302970,0.0785,0.952,0,18,0.0
2023-03-26,12,3,1,65,Plant_CN_Hefei,Laptop,840,967,967,3000,0.322,0.936,905,62,614,863,656,1.36,486.48,160.61,325.87,419790,281200,0.0638,0.941,0,24,0.0
